{"type":"FeatureCollection","features":[{"type":"Feature","properties":{"name":"India","attribution":"India boundaries by DataMeet India community, CC BY 4.0","source":"https://github.com/datameet/maps/blob/master/Country/india-composite.geojson","note":"Simplified for web display (about 0.6 km tolerance). Shows India's official boundary."},"geometry":{"type":"MultiPolygon","coordinates":[[[[77.519,35.486],[77.559,35.488],[77.586,35.478],[77.584,35.468],[77.605,35.473],[77.63,35.462],[77.638,35.466],[77.638,35.484],[77.651,35.487],[77.688,35.453],[77.698,35.464],[77.718,35.462],[77.742,35.495],[77.759,35.503],[77.78,35.498],[77.815,35.522],[77.828,35.504],[77.853,35.491],[77.867,35.498],[77.911,35.462],[77.937,35.525],[77.928,35.541],[77.938,35.559],[77.951,35.552],[77.978,35.572],[77.996,35.559],[78.012,35.571],[78.022,35.564],[78.032,35.572],[78.028,35.583],[78.04,35.587],[78.068,35.57],[78.077,35.56],[78.073,35.544],[78.091,35.533],[78.103,35.556],[78.13,35.546],[78.157,35.551],[78.162,35.593],[78.181,35.601],[78.173,35.617],[78.18,35.634],[78.197,35.64],[78.194,35.658],[78.182,35.667],[78.186,35.675],[78.208,35.668],[78.24,35.706],[78.244,35.725],[78.34,35.72],[78.409,35.731],[78.417,35.762],[78.441,35.781],[78.46,35.775],[78.463,35.764],[78.505,35.771],[78.536,35.763],[78.608,35.815],[78.657,35.822],[78.673,35.852],[78.8,35.87],[78.828,35.909],[78.856,35.974],[78.926,35.945],[78.955,35.949],[78.966,35.935],[79.011,35.931],[79.028,35.914],[79.057,35.941],[79.078,35.947],[79.164,35.945],[79.191,35.932],[79.27,35.927],[79.308,35.954],[79.338,35.963],[79.343,35.988],[79.442,35.968],[79.44,35.934],[79.456,35.924],[79.468,35.9],[79.452,35.883],[79.456,35.872],[79.489,35.849],[79.517,35.85],[79.525,35.866],[79.572,35.897],[79.588,35.877],[79.584,35.854],[79.564,35.83],[79.572,35.813],[79.588,35.815],[79.584,35.8],[79.593,35.789],[79.639,35.778],[79.629,35.767],[79.643,35.751],[79.634,35.742],[79.679,35.7],[79.679,35.671],[79.698,35.663],[79.704,35.639],[79.734,35.643],[79.771,35.626],[79.817,35.627],[79.839,35.602],[79.837,35.586],[79.846,35.575],[79.861,35.577],[79.869,35.598],[79.921,35.605],[79.925,35.621],[79.954,35.634],[79.955,35.616],[79.999,35.602],[79.995,35.584],[79.965,35.575],[79.966,35.554],[79.995,35.523],[79.994,35.51],[80.035,35.439],[80.055,35.423],[80.088,35.432],[80.081,35.45],[80.11,35.478],[80.127,35.478],[80.142,35.498],[80.183,35.509],[80.166,35.553],[80.205,35.575],[80.225,35.555],[80.25,35.557],[80.264,35.568],[80.277,35.553],[80.297,35.556],[80.302,35.534],[80.316,35.524],[80.328,35.535],[80.347,35.525],[80.358,35.529],[80.389,35.488],[80.412,35.477],[80.422,35.452],[80.412,35.426],[80.377,35.392],[80.347,35.391],[80.286,35.354],[80.266,35.296],[80.294,35.268],[80.275,35.217],[80.285,35.211],[80.283,35.204],[80.255,35.206],[80.245,35.185],[80.223,35.171],[80.233,35.148],[80.195,35.118],[80.216,34.993],[80.234,34.99],[80.225,34.97],[80.193,34.959],[80.186,34.946],[80.203,34.921],[80.205,34.891],[80.167,34.88],[80.157,34.868],[80.137,34.869],[80.136,34.855],[80.112,34.826],[80.099,34.775],[80.067,34.762],[80.079,34.733],[80.074,34.706],[79.995,34.692],[79.972,34.7],[79.952,34.674],[79.932,34.692],[79.898,34.696],[79.849,34.672],[79.83,34.646],[79.787,34.627],[79.786,34.609],[79.802,34.589],[79.788,34.564],[79.811,34.534],[79.794,34.48],[79.766,34.471],[79.753,34.478],[79.722,34.472],[79.702,34.486],[79.685,34.477],[79.674,34.455],[79.623,34.45],[79.601,34.466],[79.561,34.458],[79.538,34.479],[79.509,34.454],[79.531,34.443],[79.535,34.401],[79.559,34.372],[79.575,34.319],[79.603,34.307],[79.607,34.238],[79.59,34.241],[79.545,34.203],[79.491,34.191],[79.498,34.168],[79.486,34.126],[79.47,34.116],[79.428,34.113],[79.416,34.1],[79.43,34.061],[79.404,34.027],[79.41,34.01],[79.403,34.002],[79.367,33.994],[79.316,34.015],[79.3,34.009],[79.249,34.024],[79.225,34.011],[79.19,34.025],[79.171,34.022],[79.139,33.994],[79.099,33.99],[79.029,34.01],[78.995,34.037],[78.912,34.01],[78.887,33.973],[78.937,33.913],[78.965,33.821],[78.993,33.795],[79,33.773],[79.028,33.754],[79.01,33.714],[79.012,33.685],[79.022,33.674],[79.064,33.666],[79.09,33.637],[79.085,33.62],[79.025,33.619],[79.004,33.607],[78.907,33.62],[78.886,33.576],[78.91,33.565],[78.914,33.555],[78.931,33.487],[78.927,33.441],[78.94,33.38],[78.954,33.371],[78.963,33.339],[78.982,33.327],[79.027,33.32],[79.038,33.305],[79.035,33.273],[79.08,33.245],[79.067,33.232],[79.107,33.2],[79.124,33.203],[79.152,33.182],[79.183,33.22],[79.21,33.213],[79.217,33.238],[79.238,33.233],[79.256,33.215],[79.272,33.221],[79.302,33.191],[79.324,33.19],[79.338,33.204],[79.385,33.202],[79.408,33.189],[79.411,33.171],[79.396,33.169],[79.393,33.156],[79.399,33.14],[79.364,33.106],[79.368,33.085],[79.359,33.061],[79.341,33.057],[79.328,33.034],[79.341,33.02],[79.331,33.001],[79.363,32.963],[79.353,32.955],[79.364,32.938],[79.38,32.946],[79.4,32.942],[79.39,32.917],[79.421,32.895],[79.471,32.879],[79.473,32.85],[79.461,32.833],[79.481,32.801],[79.545,32.773],[79.541,32.764],[79.557,32.759],[79.543,32.73],[79.561,32.714],[79.541,32.703],[79.539,32.683],[79.548,32.677],[79.452,32.604],[79.428,32.561],[79.433,32.544],[79.414,32.541],[79.413,32.52],[79.367,32.532],[79.351,32.529],[79.334,32.543],[79.34,32.554],[79.331,32.565],[79.311,32.56],[79.293,32.54],[79.276,32.556],[79.248,32.517],[79.223,32.525],[79.221,32.51],[79.188,32.516],[79.184,32.498],[79.156,32.495],[79.149,32.477],[79.132,32.481],[79.118,32.454],[79.126,32.422],[79.105,32.407],[79.1,32.371],[79.06,32.387],[79.014,32.381],[78.99,32.371],[78.968,32.336],[78.908,32.373],[78.906,32.389],[78.892,32.401],[78.882,32.398],[78.869,32.414],[78.839,32.413],[78.832,32.428],[78.809,32.438],[78.796,32.475],[78.779,32.479],[78.781,32.516],[78.757,32.567],[78.774,32.585],[78.781,32.616],[78.742,32.655],[78.75,32.687],[78.74,32.696],[78.71,32.668],[78.634,32.645],[78.641,32.611],[78.633,32.605],[78.583,32.604],[78.558,32.622],[78.542,32.612],[78.516,32.615],[78.501,32.584],[78.479,32.576],[78.454,32.581],[78.416,32.567],[78.395,32.53],[78.428,32.505],[78.455,32.471],[78.451,32.461],[78.472,32.442],[78.471,32.397],[78.454,32.386],[78.469,32.365],[78.485,32.359],[78.479,32.325],[78.497,32.325],[78.51,32.303],[78.488,32.276],[78.52,32.262],[78.56,32.202],[78.596,32.198],[78.6,32.174],[78.592,32.167],[78.631,32.126],[78.683,32.115],[78.694,32.095],[78.683,32.08],[78.706,32.064],[78.734,32.005],[78.767,32.004],[78.78,31.994],[78.779,31.967],[78.765,31.959],[78.769,31.931],[78.742,31.902],[78.749,31.875],[78.74,31.842],[78.702,31.807],[78.705,31.774],[78.725,31.758],[78.73,31.733],[78.754,31.695],[78.751,31.68],[78.799,31.682],[78.802,31.648],[78.842,31.622],[78.847,31.609],[78.822,31.579],[78.806,31.577],[78.775,31.544],[78.762,31.549],[78.735,31.536],[78.72,31.509],[78.726,31.484],[78.758,31.483],[78.775,31.454],[78.797,31.444],[78.762,31.401],[78.75,31.368],[78.77,31.349],[78.763,31.341],[78.778,31.312],[78.853,31.294],[78.851,31.309],[78.862,31.315],[78.883,31.286],[78.9,31.29],[78.897,31.303],[78.917,31.315],[78.944,31.366],[78.97,31.357],[78.979,31.364],[79,31.342],[79.019,31.349],[79.01,31.382],[79.018,31.391],[79.019,31.427],[79.061,31.43],[79.075,31.459],[79.086,31.45],[79.099,31.455],[79.142,31.432],[79.171,31.399],[79.177,31.385],[79.171,31.363],[79.213,31.354],[79.236,31.335],[79.22,31.317],[79.25,31.294],[79.249,31.285],[79.226,31.261],[79.261,31.24],[79.283,31.239],[79.301,31.219],[79.312,31.148],[79.352,31.122],[79.413,31.108],[79.427,31.023],[79.471,31.035],[79.507,31.032],[79.516,30.997],[79.553,30.957],[79.603,30.94],[79.663,30.964],[79.666,30.983],[79.701,30.971],[79.735,30.98],[79.752,31.006],[79.776,30.987],[79.817,30.972],[79.866,30.972],[79.882,30.955],[79.889,30.918],[79.908,30.915],[79.931,30.881],[79.962,30.889],[80.008,30.866],[80.032,30.841],[80.054,30.839],[80.088,30.796],[80.112,30.78],[80.154,30.79],[80.158,30.807],[80.173,30.809],[80.213,30.753],[80.239,30.762],[80.249,30.72],[80.233,30.709],[80.233,30.69],[80.198,30.686],[80.193,30.666],[80.219,30.643],[80.208,30.588],[80.218,30.58],[80.255,30.565],[80.315,30.565],[80.319,30.545],[80.345,30.52],[80.365,30.528],[80.385,30.518],[80.418,30.524],[80.416,30.517],[80.446,30.497],[80.499,30.488],[80.541,30.449],[80.565,30.464],[80.607,30.471],[80.614,30.459],[80.624,30.463],[80.688,30.415],[80.707,30.417],[80.734,30.401],[80.785,30.353],[80.802,30.323],[80.861,30.314],[80.874,30.301],[80.907,30.304],[80.93,30.278],[80.929,30.266],[80.982,30.271],[81.031,30.247],[81.026,30.226],[81.045,30.206],[80.997,30.186],[80.975,30.192],[80.933,30.177],[80.924,30.194],[80.93,30.213],[80.92,30.226],[80.91,30.223],[80.863,30.169],[80.878,30.129],[80.845,30.116],[80.837,30.098],[80.815,30.096],[80.779,30.057],[80.761,30.05],[80.747,30.006],[80.72,30],[80.674,29.957],[80.63,29.965],[80.603,29.959],[80.574,29.924],[80.573,29.895],[80.553,29.851],[80.507,29.823],[80.494,29.796],[80.435,29.806],[80.407,29.795],[80.397,29.759],[80.366,29.748],[80.384,29.675],[80.414,29.654],[80.42,29.639],[80.406,29.613],[80.408,29.596],[80.379,29.572],[80.379,29.561],[80.364,29.564],[80.364,29.557],[80.343,29.553],[80.342,29.54],[80.358,29.533],[80.35,29.519],[80.314,29.499],[80.313,29.485],[80.299,29.491],[80.287,29.477],[80.302,29.453],[80.28,29.451],[80.276,29.459],[80.269,29.455],[80.274,29.45],[80.243,29.444],[80.242,29.412],[80.275,29.393],[80.279,29.379],[80.271,29.365],[80.28,29.346],[80.296,29.324],[80.317,29.315],[80.3,29.242],[80.291,29.232],[80.297,29.205],[80.287,29.195],[80.248,29.221],[80.241,29.203],[80.258,29.187],[80.272,29.142],[80.233,29.119],[80.183,29.137],[80.145,29.104],[80.128,29.061],[80.136,29.059],[80.125,29.013],[80.135,29.007],[80.127,29.006],[80.118,28.982],[80.1,28.987],[80.058,28.917],[80.065,28.838],[80.075,28.824],[80.118,28.829],[80.216,28.756],[80.254,28.756],[80.265,28.742],[80.256,28.729],[80.279,28.709],[80.316,28.701],[80.326,28.666],[80.361,28.646],[80.361,28.635],[80.377,28.629],[80.416,28.64],[80.451,28.629],[80.464,28.615],[80.468,28.583],[80.48,28.588],[80.517,28.552],[80.531,28.572],[80.522,28.577],[80.504,28.665],[80.54,28.691],[80.569,28.688],[80.59,28.68],[80.58,28.661],[80.598,28.656],[80.59,28.648],[80.606,28.652],[80.612,28.639],[80.642,28.643],[80.651,28.634],[80.668,28.642],[80.68,28.621],[80.678,28.604],[80.696,28.603],[80.69,28.588],[80.715,28.568],[80.724,28.575],[80.739,28.566],[80.738,28.575],[80.768,28.566],[80.769,28.55],[80.789,28.544],[80.789,28.525],[80.815,28.521],[80.845,28.496],[80.866,28.49],[80.862,28.504],[80.896,28.507],[80.909,28.498],[80.903,28.478],[80.916,28.458],[80.914,28.468],[80.931,28.458],[80.943,28.469],[80.932,28.459],[80.951,28.456],[80.952,28.448],[80.98,28.455],[80.965,28.438],[80.979,28.434],[80.978,28.442],[81,28.454],[81.018,28.452],[81.013,28.438],[81.019,28.432],[81.029,28.439],[81.034,28.428],[81.017,28.416],[81.034,28.397],[81.036,28.414],[81.08,28.385],[81.211,28.361],[81.234,28.325],[81.233,28.289],[81.321,28.197],[81.322,28.17],[81.302,28.166],[81.328,28.148],[81.318,28.145],[81.318,28.134],[81.371,28.143],[81.378,28.156],[81.367,28.165],[81.375,28.177],[81.417,28.174],[81.447,28.161],[81.45,28.141],[81.484,28.119],[81.478,28.083],[81.625,28.001],[81.698,27.988],[81.805,27.903],[81.833,27.898],[81.885,27.857],[81.926,27.86],[81.925,27.876],[81.968,27.929],[82.07,27.924],[82.121,27.866],[82.15,27.858],[82.154,27.867],[82.209,27.843],[82.303,27.773],[82.368,27.742],[82.402,27.704],[82.449,27.679],[82.473,27.676],[82.517,27.691],[82.541,27.686],[82.605,27.706],[82.619,27.702],[82.664,27.723],[82.681,27.714],[82.708,27.723],[82.704,27.704],[82.719,27.679],[82.712,27.663],[82.732,27.654],[82.738,27.637],[82.731,27.632],[82.74,27.632],[82.733,27.63],[82.74,27.625],[82.735,27.611],[82.758,27.586],[82.742,27.561],[82.749,27.556],[82.738,27.552],[82.75,27.523],[82.737,27.518],[82.736,27.502],[82.929,27.501],[82.954,27.468],[83.035,27.449],[83.188,27.454],[83.219,27.416],[83.272,27.383],[83.265,27.365],[83.272,27.353],[83.294,27.333],[83.317,27.33],[83.318,27.337],[83.337,27.333],[83.359,27.343],[83.374,27.37],[83.388,27.375],[83.385,27.39],[83.409,27.413],[83.384,27.436],[83.402,27.457],[83.388,27.48],[83.614,27.469],[83.831,27.37],[83.864,27.346],[83.884,27.377],[83.833,27.426],[83.847,27.445],[83.885,27.433],[83.934,27.45],[83.978,27.439],[83.996,27.446],[84.024,27.433],[84.032,27.442],[84.052,27.443],[84.07,27.481],[84.095,27.49],[84.098,27.517],[84.151,27.517],[84.149,27.486],[84.206,27.47],[84.208,27.442],[84.22,27.441],[84.231,27.456],[84.254,27.454],[84.278,27.416],[84.276,27.396],[84.292,27.385],[84.3,27.391],[84.348,27.375],[84.441,27.371],[84.469,27.355],[84.477,27.362],[84.62,27.339],[84.689,27.221],[84.685,27.182],[84.675,27.171],[84.683,27.155],[84.669,27.108],[84.675,27.097],[84.646,27.076],[84.643,27.046],[84.757,27.003],[84.773,27.018],[84.793,26.996],[84.809,27.018],[84.825,27.021],[84.854,27.008],[84.856,26.987],[84.892,26.97],[84.963,26.961],[84.978,26.941],[84.969,26.916],[85,26.912],[85.002,26.903],[84.993,26.903],[85.005,26.895],[85.053,26.889],[85.049,26.878],[85.025,26.873],[85.033,26.86],[85.024,26.854],[85.087,26.853],[85.087,26.867],[85.111,26.872],[85.191,26.87],[85.191,26.831],[85.177,26.81],[85.211,26.758],[85.24,26.762],[85.334,26.742],[85.355,26.76],[85.375,26.761],[85.408,26.791],[85.452,26.782],[85.478,26.793],[85.48,26.802],[85.495,26.797],[85.498,26.812],[85.52,26.814],[85.543,26.838],[85.566,26.841],[85.575,26.861],[85.586,26.847],[85.627,26.873],[85.642,26.853],[85.704,26.832],[85.729,26.808],[85.734,26.737],[85.724,26.674],[85.737,26.664],[85.734,26.651],[85.77,26.63],[85.802,26.624],[85.818,26.603],[85.83,26.602],[85.831,26.611],[85.851,26.609],[85.858,26.59],[85.852,26.568],[85.888,26.583],[85.891,26.594],[85.928,26.617],[85.947,26.613],[85.959,26.651],[85.975,26.658],[86.01,26.654],[86.027,26.667],[86.139,26.629],[86.136,26.606],[86.192,26.615],[86.196,26.594],[86.217,26.589],[86.234,26.591],[86.253,26.617],[86.333,26.619],[86.345,26.617],[86.339,26.607],[86.398,26.593],[86.395,26.585],[86.456,26.568],[86.498,26.542],[86.542,26.539],[86.57,26.497],[86.615,26.487],[86.634,26.464],[86.694,26.451],[86.7,26.437],[86.72,26.435],[86.731,26.423],[86.747,26.429],[86.744,26.436],[86.766,26.459],[86.834,26.439],[86.861,26.458],[86.894,26.462],[86.891,26.486],[86.93,26.49],[86.933,26.517],[87.015,26.532],[87.042,26.568],[87.045,26.587],[87.072,26.586],[87.091,26.45],[87.162,26.404],[87.189,26.406],[87.186,26.414],[87.213,26.413],[87.219,26.403],[87.229,26.414],[87.26,26.41],[87.266,26.374],[87.312,26.372],[87.341,26.347],[87.358,26.361],[87.356,26.388],[87.369,26.408],[87.466,26.44],[87.548,26.418],[87.587,26.382],[87.605,26.381],[87.612,26.39],[87.652,26.394],[87.65,26.406],[87.678,26.416],[87.677,26.436],[87.712,26.428],[87.734,26.408],[87.739,26.418],[87.767,26.411],[87.779,26.435],[87.772,26.45],[87.793,26.469],[87.83,26.45],[87.828,26.44],[87.849,26.437],[87.861,26.449],[87.858,26.464],[87.886,26.477],[87.888,26.487],[87.91,26.458],[87.899,26.449],[87.924,26.446],[87.916,26.432],[87.927,26.418],[87.992,26.393],[87.991,26.37],[88.008,26.361],[88.03,26.365],[88.031,26.389],[88.091,26.426],[88.098,26.451],[88.088,26.462],[88.106,26.469],[88.094,26.509],[88.104,26.528],[88.097,26.536],[88.111,26.545],[88.105,26.561],[88.113,26.558],[88.112,26.572],[88.13,26.574],[88.13,26.601],[88.142,26.626],[88.16,26.637],[88.167,26.7],[88.186,26.738],[88.188,26.772],[88.167,26.838],[88.174,26.865],[88.136,26.899],[88.146,26.921],[88.12,26.95],[88.135,26.985],[88.092,27.005],[88.078,27.035],[88.06,27.029],[88.037,27.037],[88.016,27.074],[88.021,27.088],[87.991,27.106],[87.987,27.119],[88.019,27.171],[88.012,27.216],[88.031,27.252],[88.032,27.286],[88.045,27.294],[88.041,27.304],[88.067,27.336],[88.042,27.372],[88.051,27.413],[88.075,27.432],[88.067,27.458],[88.044,27.478],[88.044,27.496],[88.067,27.526],[88.059,27.535],[88.08,27.563],[88.083,27.587],[88.113,27.61],[88.12,27.645],[88.144,27.664],[88.156,27.735],[88.178,27.747],[88.181,27.776],[88.197,27.791],[88.173,27.821],[88.201,27.837],[88.196,27.854],[88.139,27.878],[88.118,27.918],[88.137,27.937],[88.13,27.95],[88.142,27.965],[88.207,27.941],[88.209,27.962],[88.238,27.97],[88.251,27.942],[88.265,27.957],[88.279,27.955],[88.284,27.965],[88.304,27.965],[88.34,27.986],[88.377,27.989],[88.39,27.977],[88.414,27.981],[88.417,28],[88.468,28.017],[88.495,28.055],[88.525,28.035],[88.546,28.034],[88.554,28.039],[88.554,28.082],[88.568,28.091],[88.583,28.084],[88.602,28.09],[88.612,28.111],[88.637,28.118],[88.671,28.074],[88.755,28.08],[88.804,28.03],[88.836,28.015],[88.844,27.989],[88.836,27.928],[88.868,27.92],[88.888,27.856],[88.88,27.83],[88.857,27.816],[88.854,27.765],[88.867,27.743],[88.857,27.717],[88.839,27.705],[88.848,27.696],[88.848,27.668],[88.832,27.647],[88.815,27.647],[88.804,27.624],[88.809,27.603],[88.788,27.586],[88.792,27.574],[88.763,27.566],[88.777,27.533],[88.794,27.527],[88.777,27.469],[88.793,27.447],[88.795,27.429],[88.808,27.423],[88.806,27.407],[88.821,27.405],[88.838,27.38],[88.861,27.386],[88.863,27.37],[88.881,27.361],[88.895,27.333],[88.921,27.327],[88.909,27.304],[88.915,27.291],[88.906,27.274],[88.879,27.261],[88.832,27.263],[88.802,27.249],[88.803,27.219],[88.789,27.185],[88.765,27.178],[88.76,27.153],[88.746,27.142],[88.802,27.139],[88.842,27.111],[88.872,27.109],[88.881,27.062],[88.869,26.994],[88.875,26.943],[88.921,26.994],[88.952,26.968],[88.945,26.933],[88.979,26.918],[89.021,26.941],[89.03,26.923],[89.051,26.916],[89.049,26.899],[89.07,26.904],[89.096,26.892],[89.093,26.873],[89.107,26.86],[89.101,26.844],[89.134,26.807],[89.176,26.819],[89.194,26.811],[89.263,26.814],[89.319,26.852],[89.327,26.843],[89.379,26.862],[89.39,26.842],[89.439,26.841],[89.47,26.803],[89.557,26.813],[89.566,26.799],[89.621,26.778],[89.65,26.777],[89.643,26.749],[89.617,26.729],[89.626,26.723],[89.658,26.719],[89.671,26.74],[89.7,26.738],[89.724,26.723],[89.755,26.734],[89.775,26.702],[89.806,26.711],[89.861,26.702],[89.862,26.738],[89.897,26.725],[90.046,26.73],[90.194,26.774],[90.188,26.807],[90.201,26.836],[90.23,26.859],[90.3,26.848],[90.346,26.874],[90.356,26.901],[90.417,26.905],[90.546,26.817],[90.634,26.794],[90.646,26.778],[90.676,26.785],[90.694,26.772],[90.717,26.77],[90.952,26.785],[90.952,26.779],[90.992,26.795],[91.053,26.783],[91.097,26.822],[91.145,26.811],[91.236,26.812],[91.336,26.78],[91.375,26.795],[91.408,26.84],[91.495,26.792],[91.592,26.805],[91.625,26.821],[91.69,26.807],[91.721,26.812],[91.824,26.865],[91.859,26.913],[91.892,26.921],[91.964,26.884],[91.983,26.86],[92.056,26.847],[92.103,26.867],[92.101,26.881],[92.117,26.899],[92.113,26.951],[92.121,26.961],[92.105,26.98],[92.103,27.004],[92.078,27.018],[92.082,27.041],[92.045,27.052],[92.031,27.08],[92.023,27.11],[92.036,27.137],[92.027,27.169],[92.057,27.188],[92.072,27.235],[92.059,27.252],[92.038,27.258],[92.074,27.279],[92.087,27.269],[92.12,27.271],[92.123,27.287],[92.065,27.327],[92.048,27.362],[92.056,27.4],[92.037,27.418],[92.042,27.436],[92.022,27.447],[92.017,27.481],[91.961,27.46],[91.943,27.46],[91.923,27.474],[91.873,27.47],[91.862,27.485],[91.849,27.487],[91.828,27.468],[91.806,27.476],[91.767,27.465],[91.765,27.474],[91.73,27.469],[91.709,27.477],[91.718,27.498],[91.695,27.506],[91.652,27.483],[91.647,27.501],[91.624,27.513],[91.612,27.544],[91.594,27.542],[91.566,27.584],[91.584,27.608],[91.562,27.631],[91.573,27.661],[91.629,27.7],[91.643,27.761],[91.848,27.761],[91.874,27.722],[91.903,27.729],[91.924,27.717],[91.965,27.739],[91.983,27.777],[92.057,27.78],[92.063,27.79],[92.111,27.803],[92.143,27.835],[92.164,27.831],[92.174,27.847],[92.187,27.847],[92.244,27.888],[92.293,27.872],[92.303,27.853],[92.297,27.833],[92.316,27.817],[92.319,27.797],[92.365,27.805],[92.424,27.835],[92.427,27.803],[92.456,27.793],[92.478,27.834],[92.5,27.851],[92.512,27.847],[92.533,27.866],[92.58,27.882],[92.607,27.917],[92.646,27.913],[92.677,27.949],[92.73,27.978],[92.721,27.999],[92.736,28.038],[92.732,28.054],[92.702,28.068],[92.668,28.068],[92.656,28.08],[92.677,28.151],[92.692,28.15],[92.717,28.168],[92.739,28.154],[92.763,28.161],[92.784,28.187],[92.833,28.175],[92.883,28.202],[92.922,28.201],[92.936,28.217],[92.928,28.226],[92.932,28.249],[92.947,28.262],[92.991,28.273],[93.002,28.294],[93.051,28.311],[93.06,28.305],[93.077,28.325],[93.149,28.367],[93.146,28.38],[93.167,28.414],[93.168,28.455],[93.192,28.494],[93.251,28.545],[93.371,28.6],[93.426,28.662],[93.623,28.685],[93.637,28.655],[93.689,28.678],[93.712,28.665],[93.784,28.713],[93.79,28.737],[93.841,28.749],[93.86,28.742],[93.897,28.757],[93.915,28.741],[93.912,28.773],[93.975,28.821],[93.988,28.795],[94.02,28.793],[94.019,28.828],[94.028,28.853],[94.058,28.859],[94.059,28.875],[94.079,28.883],[94.132,28.889],[94.162,28.904],[94.175,28.912],[94.166,28.924],[94.179,28.936],[94.261,28.932],[94.275,28.952],[94.274,28.968],[94.309,28.994],[94.342,29.002],[94.366,29.026],[94.328,29.041],[94.316,29.076],[94.277,29.094],[94.276,29.113],[94.295,29.135],[94.293,29.152],[94.379,29.154],[94.391,29.184],[94.448,29.183],[94.457,29.213],[94.492,29.208],[94.511,29.231],[94.541,29.22],[94.568,29.241],[94.572,29.256],[94.626,29.296],[94.697,29.315],[94.716,29.292],[94.735,29.287],[94.752,29.23],[94.804,29.208],[94.797,29.186],[94.807,29.165],[94.848,29.183],[94.884,29.179],[94.918,29.157],[94.965,29.159],[95.018,29.126],[95.011,29.152],[94.987,29.173],[94.995,29.174],[95.042,29.151],[95.097,29.142],[95.119,29.112],[95.104,29.096],[95.13,29.098],[95.136,29.088],[95.212,29.108],[95.23,29.104],[95.237,29.086],[95.259,29.08],[95.263,29.068],[95.271,29.073],[95.272,29.103],[95.283,29.11],[95.278,29.116],[95.299,29.136],[95.379,29.137],[95.413,29.126],[95.419,29.181],[95.434,29.193],[95.454,29.176],[95.449,29.161],[95.458,29.137],[95.481,29.141],[95.504,29.126],[95.515,29.143],[95.502,29.192],[95.549,29.197],[95.574,29.18],[95.596,29.188],[95.603,29.196],[95.596,29.224],[95.606,29.236],[95.648,29.21],[95.664,29.224],[95.698,29.225],[95.709,29.204],[95.743,29.226],[95.73,29.24],[95.752,29.276],[95.737,29.298],[95.757,29.323],[95.777,29.323],[95.812,29.348],[95.839,29.353],[95.841,29.321],[95.877,29.315],[95.893,29.331],[95.939,29.349],[95.942,29.366],[95.966,29.376],[95.981,29.362],[95.995,29.369],[96.017,29.363],[96.054,29.383],[96.136,29.346],[96.152,29.296],[96.17,29.295],[96.195,29.266],[96.264,29.246],[96.26,29.217],[96.287,29.209],[96.284,29.203],[96.303,29.192],[96.288,29.132],[96.249,29.112],[96.213,29.114],[96.2,29.099],[96.215,29.069],[96.185,29.046],[96.187,29.037],[96.207,29.033],[96.244,29.087],[96.257,29.083],[96.274,29.098],[96.299,29.099],[96.308,29.115],[96.33,29.113],[96.351,29.081],[96.366,29.081],[96.364,29.042],[96.414,29.024],[96.444,28.995],[96.436,28.971],[96.448,28.94],[96.467,28.933],[96.503,28.949],[96.522,28.939],[96.529,28.917],[96.517,28.908],[96.527,28.881],[96.523,28.862],[96.55,28.85],[96.572,28.823],[96.589,28.819],[96.573,28.783],[96.603,28.781],[96.603,28.759],[96.632,28.734],[96.629,28.705],[96.647,28.691],[96.641,28.68],[96.603,28.673],[96.563,28.698],[96.556,28.686],[96.545,28.687],[96.537,28.678],[96.544,28.651],[96.526,28.643],[96.528,28.62],[96.51,28.61],[96.514,28.582],[96.49,28.584],[96.475,28.573],[96.482,28.559],[96.462,28.545],[96.466,28.523],[96.409,28.524],[96.406,28.506],[96.431,28.511],[96.456,28.486],[96.474,28.496],[96.498,28.429],[96.512,28.453],[96.498,28.495],[96.508,28.52],[96.493,28.542],[96.551,28.562],[96.561,28.583],[96.614,28.62],[96.648,28.619],[96.687,28.59],[96.712,28.611],[96.722,28.579],[96.75,28.569],[96.762,28.553],[96.751,28.542],[96.76,28.519],[96.821,28.505],[96.861,28.483],[96.862,28.453],[96.893,28.418],[96.884,28.403],[96.888,28.387],[96.922,28.364],[96.925,28.353],[97.001,28.325],[97.025,28.33],[97.078,28.371],[97.126,28.362],[97.167,28.329],[97.18,28.333],[97.205,28.303],[97.237,28.294],[97.243,28.266],[97.264,28.265],[97.284,28.231],[97.298,28.233],[97.36,28.205],[97.359,28.163],[97.325,28.138],[97.323,28.113],[97.332,28.106],[97.324,28.103],[97.327,28.084],[97.312,28.062],[97.338,28.058],[97.354,28.067],[97.378,28.023],[97.395,28.012],[97.363,27.965],[97.377,27.95],[97.367,27.937],[97.379,27.892],[97.366,27.877],[97.319,27.889],[97.298,27.916],[97.247,27.9],[97.182,27.841],[97.185,27.832],[97.165,27.828],[97.165,27.815],[97.113,27.785],[97.088,27.734],[97.062,27.749],[97.048,27.739],[97.032,27.749],[96.985,27.686],[96.983,27.666],[96.935,27.662],[96.921,27.633],[96.89,27.606],[96.89,27.579],[96.908,27.579],[96.907,27.544],[96.935,27.508],[96.91,27.487],[96.903,27.453],[96.932,27.431],[96.935,27.415],[96.962,27.402],[96.962,27.373],[96.99,27.344],[96.998,27.319],[97.028,27.308],[97.055,27.265],[97.088,27.239],[97.09,27.214],[97.164,27.142],[97.162,27.123],[97.15,27.118],[97.138,27.091],[97.1,27.109],[97.097,27.097],[97.063,27.092],[97.031,27.131],[96.993,27.14],[96.984,27.154],[96.901,27.169],[96.868,27.185],[96.857,27.192],[96.855,27.211],[96.886,27.227],[96.884,27.26],[96.863,27.26],[96.847,27.272],[96.848,27.29],[96.822,27.309],[96.797,27.346],[96.704,27.372],[96.698,27.358],[96.606,27.366],[96.591,27.348],[96.596,27.334],[96.551,27.318],[96.524,27.286],[96.508,27.299],[96.441,27.306],[96.386,27.285],[96.352,27.295],[96.34,27.285],[96.307,27.294],[96.274,27.283],[96.271,27.271],[96.229,27.279],[96.185,27.249],[96.155,27.248],[96.09,27.223],[96.023,27.18],[96.01,27.142],[95.967,27.098],[95.946,27.051],[95.904,27.039],[95.87,27.013],[95.831,27.007],[95.802,27.015],[95.781,26.978],[95.768,26.977],[95.755,26.954],[95.76,26.937],[95.748,26.926],[95.745,26.896],[95.723,26.881],[95.706,26.881],[95.667,26.903],[95.644,26.876],[95.632,26.874],[95.627,26.843],[95.608,26.813],[95.57,26.816],[95.543,26.835],[95.525,26.823],[95.506,26.808],[95.482,26.746],[95.459,26.743],[95.432,26.715],[95.431,26.7],[95.374,26.684],[95.36,26.671],[95.335,26.674],[95.303,26.651],[95.26,26.655],[95.257,26.676],[95.234,26.682],[95.208,26.648],[95.181,26.643],[95.149,26.616],[95.154,26.583],[95.139,26.556],[95.125,26.558],[95.107,26.541],[95.114,26.518],[95.062,26.45],[95.066,26.442],[95.084,26.447],[95.104,26.421],[95.1,26.394],[95.125,26.388],[95.132,26.378],[95.121,26.35],[95.128,26.293],[95.119,26.265],[95.127,26.254],[95.114,26.233],[95.143,26.212],[95.122,26.185],[95.117,26.159],[95.126,26.129],[95.118,26.101],[95.151,26.087],[95.165,26.093],[95.186,26.073],[95.126,25.986],[95.089,25.951],[95.044,25.927],[95.031,25.931],[95.028,25.914],[95.012,25.898],[95.019,25.881],[95.009,25.867],[95.029,25.84],[95.033,25.814],[95.05,25.801],[95.049,25.76],[95.04,25.742],[95.003,25.729],[94.97,25.689],[94.935,25.667],[94.915,25.607],[94.882,25.591],[94.898,25.566],[94.846,25.561],[94.825,25.542],[94.808,25.494],[94.784,25.481],[94.762,25.482],[94.752,25.494],[94.718,25.469],[94.683,25.466],[94.67,25.419],[94.635,25.395],[94.634,25.356],[94.585,25.267],[94.586,25.229],[94.576,25.214],[94.606,25.181],[94.62,25.187],[94.64,25.166],[94.664,25.163],[94.68,25.149],[94.697,25.155],[94.741,25.127],[94.744,25.037],[94.727,25],[94.696,24.968],[94.714,24.935],[94.702,24.93],[94.688,24.889],[94.657,24.871],[94.632,24.84],[94.618,24.781],[94.629,24.757],[94.612,24.741],[94.605,24.713],[94.586,24.706],[94.58,24.725],[94.568,24.706],[94.559,24.713],[94.542,24.704],[94.548,24.684],[94.54,24.644],[94.509,24.594],[94.456,24.573],[94.426,24.481],[94.398,24.482],[94.397,24.454],[94.408,24.44],[94.395,24.41],[94.361,24.394],[94.378,24.38],[94.35,24.334],[94.322,24.329],[94.322,24.277],[94.303,24.236],[94.292,24.234],[94.276,24.173],[94.26,24.165],[94.255,24.082],[94.239,24.052],[94.228,24.057],[94.237,24.035],[94.202,23.983],[94.19,23.933],[94.17,23.929],[94.157,23.848],[94.146,23.85],[94.144,23.835],[94.126,23.833],[94.113,23.843],[94.113,23.863],[94.096,23.889],[94.082,23.882],[94.049,23.887],[94.04,23.911],[94.017,23.927],[93.96,23.928],[93.93,23.95],[93.893,23.953],[93.859,23.932],[93.808,23.927],[93.754,24.006],[93.723,23.998],[93.69,24.009],[93.656,24.002],[93.652,24.01],[93.624,24.011],[93.609,23.972],[93.592,23.961],[93.56,23.982],[93.55,23.96],[93.505,23.942],[93.463,23.974],[93.461,23.998],[93.433,24.024],[93.414,24.074],[93.399,24.085],[93.358,24.091],[93.349,24.105],[93.343,24.097],[93.354,24.091],[93.335,24.09],[93.328,24.081],[93.338,24.062],[93.326,24.046],[93.338,24.04],[93.326,24.03],[93.339,24.022],[93.33,24.021],[93.337,23.99],[93.329,23.985],[93.351,23.961],[93.351,23.941],[93.361,23.945],[93.369,23.93],[93.381,23.935],[93.395,23.924],[93.385,23.848],[93.39,23.818],[93.404,23.807],[93.392,23.756],[93.411,23.729],[93.407,23.707],[93.438,23.687],[93.416,23.647],[93.428,23.588],[93.41,23.564],[93.418,23.54],[93.395,23.504],[93.399,23.472],[93.388,23.446],[93.401,23.384],[93.386,23.374],[93.388,23.359],[93.355,23.353],[93.372,23.329],[93.362,23.28],[93.388,23.216],[93.375,23.205],[93.38,23.187],[93.368,23.175],[93.368,23.144],[93.386,23.145],[93.385,23.135],[93.355,23.117],[93.339,23.074],[93.351,23.071],[93.34,23.068],[93.343,23.059],[93.334,23.059],[93.313,23.019],[93.294,23.007],[93.229,23.012],[93.21,23.048],[93.185,23.059],[93.155,23.043],[93.136,23.061],[93.127,23.044],[93.12,23.002],[93.14,22.99],[93.138,22.951],[93.164,22.911],[93.14,22.914],[93.131,22.907],[93.118,22.843],[93.103,22.824],[93.11,22.819],[93.094,22.806],[93.107,22.751],[93.091,22.705],[93.102,22.683],[93.095,22.672],[93.11,22.656],[93.108,22.637],[93.128,22.624],[93.14,22.593],[93.112,22.558],[93.106,22.527],[93.128,22.524],[93.124,22.508],[93.135,22.492],[93.131,22.468],[93.139,22.454],[93.163,22.451],[93.185,22.428],[93.186,22.34],[93.197,22.329],[93.19,22.3],[93.199,22.294],[93.194,22.288],[93.202,22.264],[93.177,22.246],[93.142,22.246],[93.148,22.212],[93.161,22.197],[93.151,22.176],[93.124,22.174],[93.111,22.204],[93.088,22.197],[93.063,22.208],[93.038,22.195],[93.049,22.169],[93.037,22.145],[93.057,22.122],[93.059,22.101],[93.005,22.105],[93.012,22.089],[92.994,22.042],[93.005,21.987],[92.997,21.979],[92.981,21.981],[92.978,21.998],[92.951,22.03],[92.94,22.014],[92.927,22.015],[92.935,22.006],[92.915,21.98],[92.906,21.941],[92.891,22.011],[92.864,22.025],[92.863,22.063],[92.841,22.059],[92.836,22.072],[92.818,22.075],[92.81,22.096],[92.798,22.094],[92.76,22.126],[92.735,22.134],[92.727,22.149],[92.7,22.155],[92.692,22.134],[92.692,22.076],[92.682,22.103],[92.68,22.012],[92.652,22.016],[92.635,21.984],[92.603,21.978],[92.613,21.991],[92.598,22.009],[92.593,22.038],[92.603,22.062],[92.592,22.065],[92.575,22.116],[92.562,22.128],[92.58,22.143],[92.606,22.124],[92.609,22.164],[92.595,22.175],[92.581,22.322],[92.552,22.409],[92.557,22.424],[92.543,22.491],[92.55,22.497],[92.543,22.499],[92.551,22.513],[92.544,22.513],[92.54,22.541],[92.522,22.56],[92.538,22.575],[92.533,22.588],[92.539,22.589],[92.527,22.621],[92.532,22.633],[92.525,22.64],[92.529,22.665],[92.517,22.722],[92.505,22.739],[92.474,22.747],[92.472,22.796],[92.454,22.819],[92.462,22.831],[92.453,22.843],[92.464,22.842],[92.457,22.851],[92.465,22.854],[92.452,22.863],[92.46,22.871],[92.448,22.877],[92.45,22.894],[92.434,22.885],[92.42,22.919],[92.401,22.912],[92.397,22.93],[92.371,22.936],[92.374,22.971],[92.385,22.986],[92.382,23.033],[92.392,23.056],[92.38,23.087],[92.358,23.103],[92.368,23.127],[92.357,23.134],[92.365,23.157],[92.347,23.236],[92.404,23.241],[92.381,23.285],[92.386,23.306],[92.364,23.323],[92.379,23.362],[92.371,23.374],[92.364,23.366],[92.357,23.372],[92.365,23.38],[92.353,23.381],[92.357,23.411],[92.348,23.413],[92.346,23.433],[92.334,23.429],[92.327,23.449],[92.333,23.456],[92.325,23.459],[92.332,23.466],[92.317,23.472],[92.326,23.479],[92.316,23.487],[92.318,23.526],[92.306,23.535],[92.313,23.556],[92.308,23.578],[92.301,23.593],[92.287,23.596],[92.287,23.617],[92.296,23.621],[92.283,23.63],[92.279,23.625],[92.282,23.638],[92.273,23.642],[92.291,23.681],[92.28,23.719],[92.241,23.72],[92.233,23.667],[92.215,23.652],[92.206,23.673],[92.214,23.685],[92.203,23.706],[92.178,23.708],[92.171,23.739],[92.148,23.736],[92.121,23.693],[92.1,23.677],[92.083,23.68],[92.079,23.649],[92.047,23.646],[92.001,23.671],[91.978,23.733],[91.957,23.734],[91.948,23.714],[91.958,23.695],[91.934,23.685],[91.954,23.61],[91.965,23.535],[91.956,23.527],[91.971,23.503],[91.97,23.478],[91.937,23.467],[91.943,23.435],[91.9,23.441],[91.873,23.414],[91.845,23.406],[91.825,23.354],[91.813,23.354],[91.803,23.334],[91.793,23.335],[91.762,23.3],[91.761,23.277],[91.777,23.269],[91.776,23.243],[91.791,23.227],[91.789,23.204],[91.81,23.165],[91.813,23.099],[91.836,23.092],[91.816,23.083],[91.819,23.073],[91.806,23.063],[91.774,23.069],[91.78,23.029],[91.768,23.041],[91.772,23.033],[91.721,22.988],[91.708,22.982],[91.694,22.988],[91.679,22.976],[91.676,22.983],[91.652,22.976],[91.645,22.985],[91.635,22.961],[91.625,22.962],[91.619,22.937],[91.616,22.952],[91.6,22.955],[91.614,22.958],[91.606,22.972],[91.59,22.977],[91.577,22.965],[91.557,22.979],[91.557,22.997],[91.543,23],[91.548,23.019],[91.538,23.019],[91.55,23.038],[91.53,23.038],[91.536,23.055],[91.525,23.055],[91.535,23.063],[91.525,23.083],[91.53,23.092],[91.519,23.094],[91.522,23.104],[91.511,23.104],[91.517,23.126],[91.503,23.131],[91.515,23.145],[91.5,23.142],[91.495,23.147],[91.507,23.154],[91.491,23.158],[91.498,23.172],[91.492,23.178],[91.507,23.184],[91.503,23.192],[91.485,23.188],[91.471,23.197],[91.483,23.201],[91.475,23.22],[91.458,23.213],[91.45,23.219],[91.47,23.228],[91.458,23.246],[91.448,23.244],[91.454,23.26],[91.418,23.256],[91.42,23.273],[91.409,23.285],[91.411,23.256],[91.4,23.266],[91.397,23.256],[91.409,23.248],[91.392,23.246],[91.401,23.229],[91.386,23.228],[91.392,23.22],[91.381,23.209],[91.388,23.208],[91.38,23.185],[91.385,23.156],[91.417,23.065],[91.396,23.056],[91.37,23.071],[91.347,23.102],[91.348,23.119],[91.323,23.158],[91.319,23.246],[91.327,23.252],[91.318,23.253],[91.31,23.277],[91.317,23.282],[91.3,23.293],[91.315,23.297],[91.313,23.307],[91.29,23.319],[91.296,23.341],[91.311,23.343],[91.32,23.36],[91.291,23.351],[91.295,23.361],[91.284,23.371],[91.294,23.376],[91.28,23.377],[91.276,23.415],[91.251,23.453],[91.249,23.49],[91.236,23.489],[91.236,23.502],[91.22,23.498],[91.224,23.514],[91.201,23.52],[91.213,23.551],[91.194,23.547],[91.187,23.578],[91.177,23.593],[91.162,23.595],[91.16,23.611],[91.156,23.671],[91.2,23.647],[91.208,23.687],[91.153,23.689],[91.157,23.742],[91.197,23.751],[91.219,23.737],[91.231,23.765],[91.233,23.811],[91.254,23.837],[91.23,23.881],[91.229,23.899],[91.246,23.914],[91.233,23.927],[91.276,23.923],[91.264,23.944],[91.285,23.983],[91.287,23.968],[91.3,23.972],[91.304,23.998],[91.379,23.975],[91.373,24.003],[91.397,24.05],[91.377,24.08],[91.374,24.108],[91.412,24.116],[91.442,24.097],[91.474,24.1],[91.545,24.074],[91.574,24.08],[91.586,24.073],[91.6,24.085],[91.591,24.091],[91.596,24.097],[91.611,24.092],[91.638,24.104],[91.635,24.138],[91.647,24.157],[91.647,24.179],[91.656,24.176],[91.66,24.19],[91.648,24.219],[91.666,24.234],[91.688,24.162],[91.702,24.164],[91.729,24.143],[91.763,24.142],[91.745,24.247],[91.816,24.21],[91.837,24.225],[91.85,24.224],[91.846,24.217],[91.855,24.212],[91.842,24.201],[91.845,24.191],[91.874,24.174],[91.885,24.139],[91.902,24.137],[91.915,24.154],[91.94,24.268],[91.92,24.337],[91.957,24.357],[91.982,24.323],[91.996,24.322],[91.998,24.335],[91.97,24.385],[91.986,24.376],[91.988,24.391],[91.997,24.394],[92.008,24.381],[92.02,24.387],[92.044,24.375],[92.097,24.373],[92.102,24.383],[92.122,24.382],[92.137,24.425],[92.164,24.419],[92.169,24.428],[92.153,24.472],[92.155,24.523],[92.169,24.532],[92.212,24.504],[92.224,24.517],[92.254,24.678],[92.296,24.737],[92.279,24.746],[92.293,24.757],[92.289,24.788],[92.273,24.8],[92.273,24.828],[92.25,24.83],[92.255,24.839],[92.241,24.842],[92.235,24.862],[92.246,24.868],[92.248,24.886],[92.232,24.9],[92.299,24.916],[92.339,24.878],[92.347,24.894],[92.363,24.872],[92.375,24.874],[92.384,24.853],[92.4,24.849],[92.406,24.859],[92.439,24.856],[92.443,24.871],[92.476,24.868],[92.498,24.876],[92.495,24.918],[92.484,24.929],[92.489,24.948],[92.449,24.94],[92.451,24.952],[92.469,24.964],[92.457,24.972],[92.419,24.967],[92.425,25.03],[92.34,25.05],[92.347,25.074],[92.335,25.079],[92.311,25.069],[92.227,25.093],[92.207,25.111],[92.209,25.119],[92.227,25.118],[92.194,25.126],[92.188,25.136],[92.182,25.119],[92.165,25.126],[92.164,25.136],[92.134,25.143],[92.141,25.155],[92.133,25.16],[92.062,25.188],[92.025,25.179],[92.004,25.186],[91.976,25.168],[91.919,25.182],[91.881,25.173],[91.827,25.177],[91.776,25.163],[91.752,25.176],[91.745,25.17],[91.747,25.141],[91.703,25.159],[91.692,25.137],[91.67,25.138],[91.638,25.123],[91.623,25.128],[91.621,25.144],[91.602,25.143],[91.599,25.159],[91.612,25.176],[91.577,25.173],[91.576,25.16],[91.563,25.161],[91.557,25.15],[91.509,25.148],[91.5,25.136],[91.47,25.134],[91.464,25.135],[91.468,25.152],[91.44,25.15],[91.415,25.171],[91.41,25.163],[91.363,25.178],[91.354,25.171],[91.286,25.186],[91.292,25.193],[91.268,25.207],[91.25,25.196],[91.075,25.198],[90.925,25.162],[90.884,25.167],[90.862,25.158],[90.806,25.166],[90.78,25.186],[90.76,25.168],[90.734,25.167],[90.742,25.161],[90.733,25.155],[90.71,25.169],[90.698,25.157],[90.682,25.165],[90.686,25.175],[90.674,25.176],[90.666,25.166],[90.663,25.197],[90.656,25.185],[90.649,25.194],[90.641,25.175],[90.509,25.177],[90.51,25.17],[90.441,25.145],[90.37,25.163],[90.33,25.194],[90.31,25.189],[90.225,25.201],[90.172,25.223],[90.119,25.223],[90.055,25.26],[89.981,25.281],[89.967,25.304],[89.949,25.293],[89.944,25.305],[89.909,25.308],[89.876,25.285],[89.838,25.293],[89.831,25.296],[89.841,25.317],[89.823,25.349],[89.82,25.382],[89.833,25.438],[89.852,25.466],[89.849,25.493],[89.86,25.517],[89.851,25.539],[89.866,25.546],[89.882,25.617],[89.871,25.663],[89.846,25.696],[89.851,25.712],[89.835,25.716],[89.827,25.732],[89.841,25.761],[89.826,25.811],[89.816,25.815],[89.835,25.84],[89.832,25.871],[89.887,25.945],[89.825,25.945],[89.83,25.955],[89.849,25.949],[89.839,25.968],[89.872,25.974],[89.871,25.981],[89.851,25.99],[89.835,26.011],[89.836,25.982],[89.819,25.988],[89.819,26.026],[89.809,26.043],[89.79,26.018],[89.802,26.04],[89.774,26.038],[89.788,26.049],[89.785,26.057],[89.799,26.059],[89.795,26.088],[89.781,26.084],[89.784,26.105],[89.756,26.109],[89.766,26.131],[89.747,26.158],[89.72,26.156],[89.715,26.169],[89.702,26.152],[89.681,26.164],[89.701,26.174],[89.687,26.182],[89.686,26.198],[89.673,26.202],[89.692,26.213],[89.68,26.214],[89.679,26.224],[89.689,26.221],[89.679,26.238],[89.672,26.22],[89.634,26.229],[89.633,26.21],[89.649,26.19],[89.644,26.185],[89.63,26.196],[89.628,26.184],[89.655,26.182],[89.649,26.165],[89.632,26.172],[89.637,26.179],[89.625,26.171],[89.624,26.179],[89.609,26.181],[89.619,26.168],[89.61,26.155],[89.591,26.157],[89.604,26.118],[89.626,26.129],[89.63,26.119],[89.616,26.107],[89.598,26.113],[89.596,26.099],[89.609,26.089],[89.614,26.104],[89.63,26.107],[89.64,26.09],[89.634,26.081],[89.65,26.063],[89.621,26.053],[89.605,26.064],[89.613,26.053],[89.592,26.045],[89.597,26.038],[89.579,26.026],[89.587,25.981],[89.574,25.98],[89.577,25.969],[89.569,25.968],[89.566,25.98],[89.558,25.965],[89.54,25.97],[89.535,25.989],[89.548,26],[89.541,26.006],[89.491,26.006],[89.481,25.997],[89.431,26.011],[89.433,26.038],[89.424,26.048],[89.391,26.023],[89.393,26.007],[89.356,26.008],[89.3,26.05],[89.276,26.049],[89.281,26.066],[89.254,26.064],[89.267,26.094],[89.251,26.091],[89.23,26.124],[89.192,26.124],[89.155,26.138],[89.149,26.159],[89.157,26.163],[89.134,26.181],[89.149,26.209],[89.141,26.236],[89.12,26.253],[89.125,26.264],[89.1,26.28],[89.105,26.316],[89.123,26.287],[89.136,26.32],[89.113,26.319],[89.097,26.329],[89.084,26.322],[89.101,26.337],[89.098,26.359],[89.08,26.363],[89.088,26.366],[89.096,26.391],[89.08,26.39],[89.087,26.398],[89.035,26.395],[89.006,26.422],[88.994,26.423],[88.994,26.413],[88.981,26.425],[88.983,26.447],[88.957,26.46],[88.965,26.451],[88.946,26.448],[88.945,26.426],[88.926,26.432],[88.933,26.427],[88.923,26.424],[88.926,26.407],[88.905,26.409],[88.918,26.4],[88.909,26.38],[88.921,26.379],[88.91,26.37],[88.919,26.359],[88.958,26.362],[88.946,26.346],[88.959,26.344],[88.952,26.332],[88.963,26.336],[88.961,26.352],[88.987,26.348],[88.985,26.333],[89.001,26.33],[88.991,26.322],[88.997,26.314],[88.985,26.318],[88.983,26.31],[88.985,26.301],[88.997,26.3],[88.996,26.29],[89.007,26.305],[89.018,26.29],[89.021,26.309],[89.027,26.306],[89.019,26.289],[89.041,26.286],[89.04,26.277],[89.048,26.281],[89.046,26.296],[89.06,26.293],[89.063,26.278],[89.054,26.277],[89.063,26.254],[89.052,26.256],[89.051,26.242],[89.027,26.248],[88.959,26.24],[88.926,26.284],[88.898,26.289],[88.876,26.287],[88.862,26.273],[88.861,26.252],[88.878,26.234],[88.842,26.231],[88.828,26.24],[88.829,26.25],[88.813,26.255],[88.81,26.277],[88.819,26.295],[88.793,26.31],[88.764,26.299],[88.747,26.311],[88.745,26.289],[88.72,26.293],[88.719,26.282],[88.685,26.28],[88.692,26.269],[88.683,26.261],[88.666,26.263],[88.668,26.297],[88.681,26.296],[88.686,26.282],[88.709,26.288],[88.684,26.295],[88.675,26.32],[88.696,26.329],[88.697,26.312],[88.746,26.322],[88.749,26.332],[88.734,26.329],[88.745,26.348],[88.733,26.354],[88.726,26.341],[88.713,26.344],[88.703,26.335],[88.696,26.362],[88.681,26.38],[88.702,26.389],[88.67,26.397],[88.687,26.401],[88.686,26.413],[88.668,26.407],[88.644,26.419],[88.65,26.43],[88.624,26.435],[88.623,26.471],[88.594,26.471],[88.593,26.45],[88.56,26.458],[88.557,26.485],[88.526,26.481],[88.521,26.511],[88.507,26.516],[88.489,26.51],[88.485,26.541],[88.459,26.547],[88.448,26.535],[88.436,26.545],[88.421,26.571],[88.416,26.632],[88.399,26.627],[88.387,26.611],[88.398,26.602],[88.377,26.594],[88.359,26.529],[88.332,26.495],[88.332,26.482],[88.353,26.448],[88.366,26.471],[88.36,26.484],[88.372,26.488],[88.388,26.478],[88.405,26.486],[88.419,26.466],[88.434,26.473],[88.485,26.46],[88.479,26.452],[88.497,26.436],[88.489,26.431],[88.504,26.418],[88.496,26.409],[88.51,26.408],[88.504,26.399],[88.52,26.39],[88.513,26.377],[88.525,26.375],[88.515,26.365],[88.524,26.359],[88.504,26.349],[88.508,26.363],[88.488,26.36],[88.492,26.351],[88.48,26.351],[88.459,26.362],[88.458,26.377],[88.434,26.335],[88.413,26.337],[88.403,26.329],[88.416,26.324],[88.415,26.315],[88.384,26.313],[88.35,26.282],[88.348,26.25],[88.36,26.243],[88.35,26.22],[88.301,26.197],[88.285,26.201],[88.269,26.186],[88.247,26.191],[88.233,26.185],[88.238,26.178],[88.227,26.168],[88.215,26.17],[88.216,26.163],[88.205,26.159],[88.196,26.164],[88.196,26.152],[88.177,26.148],[88.173,26.127],[88.18,26.125],[88.158,26.097],[88.166,26.087],[88.157,26.079],[88.168,26.083],[88.184,26.073],[88.179,26.047],[88.169,26.046],[88.171,26.033],[88.183,26.025],[88.14,26.013],[88.144,26.001],[88.13,25.997],[88.124,25.966],[88.115,25.962],[88.122,25.948],[88.086,25.917],[88.094,25.91],[88.089,25.896],[88.103,25.889],[88.093,25.874],[88.101,25.862],[88.112,25.865],[88.113,25.852],[88.1,25.843],[88.109,25.838],[88.101,25.829],[88.111,25.822],[88.107,25.815],[88.12,25.813],[88.114,25.798],[88.144,25.794],[88.141,25.781],[88.151,25.776],[88.184,25.802],[88.21,25.787],[88.215,25.801],[88.231,25.796],[88.237,25.81],[88.269,25.808],[88.266,25.783],[88.314,25.755],[88.321,25.738],[88.337,25.738],[88.374,25.717],[88.371,25.697],[88.404,25.686],[88.402,25.673],[88.454,25.665],[88.456,25.629],[88.444,25.597],[88.458,25.599],[88.47,25.583],[88.5,25.584],[88.493,25.559],[88.523,25.535],[88.533,25.542],[88.54,25.508],[88.552,25.521],[88.595,25.506],[88.609,25.516],[88.607,25.508],[88.622,25.497],[88.648,25.497],[88.647,25.478],[88.699,25.471],[88.71,25.481],[88.707,25.5],[88.742,25.505],[88.744,25.488],[88.767,25.498],[88.757,25.509],[88.76,25.526],[88.782,25.515],[88.81,25.523],[88.813,25.489],[88.83,25.49],[88.839,25.458],[88.826,25.445],[88.834,25.432],[88.83,25.417],[88.813,25.411],[88.841,25.397],[88.841,25.364],[88.869,25.352],[88.866,25.343],[88.884,25.326],[88.888,25.337],[88.906,25.338],[88.915,25.312],[88.928,25.317],[88.929,25.304],[88.985,25.306],[88.985,25.299],[89,25.295],[89.009,25.303],[89.008,25.264],[88.987,25.275],[88.956,25.255],[88.952,25.233],[88.961,25.209],[88.936,25.211],[88.934,25.2],[88.947,25.195],[88.949,25.178],[88.941,25.174],[88.933,25.182],[88.923,25.165],[88.912,25.168],[88.911,25.18],[88.875,25.179],[88.875,25.196],[88.864,25.19],[88.865,25.201],[88.851,25.201],[88.844,25.214],[88.806,25.171],[88.774,25.18],[88.769,25.19],[88.749,25.177],[88.751,25.183],[88.734,25.185],[88.733,25.199],[88.711,25.208],[88.68,25.209],[88.669,25.198],[88.613,25.204],[88.566,25.175],[88.556,25.179],[88.557,25.193],[88.534,25.188],[88.538,25.198],[88.5,25.204],[88.499,25.21],[88.475,25.213],[88.464,25.195],[88.437,25.199],[88.442,25.21],[88.435,25.2],[88.443,25.195],[88.442,25.174],[88.458,25.165],[88.462,25.15],[88.459,25.135],[88.441,25.128],[88.453,25.079],[88.435,25.056],[88.438,25.043],[88.453,25.037],[88.436,25.006],[88.425,25.016],[88.421,24.999],[88.412,24.999],[88.417,24.975],[88.405,24.98],[88.395,24.969],[88.399,24.945],[88.381,24.939],[88.364,24.953],[88.34,24.94],[88.337,24.919],[88.324,24.916],[88.332,24.897],[88.347,24.892],[88.33,24.87],[88.318,24.884],[88.302,24.872],[88.302,24.886],[88.278,24.888],[88.276,24.898],[88.267,24.878],[88.257,24.878],[88.261,24.918],[88.224,24.962],[88.17,24.95],[88.157,24.934],[88.138,24.936],[88.14,24.914],[88.169,24.893],[88.153,24.884],[88.175,24.86],[88.162,24.858],[88.16,24.849],[88.145,24.851],[88.141,24.834],[88.132,24.836],[88.136,24.805],[88.123,24.823],[88.105,24.801],[88.106,24.78],[88.089,24.783],[88.068,24.769],[88.072,24.744],[88.062,24.721],[88.009,24.668],[88.036,24.646],[88.095,24.559],[88.142,24.511],[88.173,24.493],[88.203,24.46],[88.272,24.441],[88.334,24.382],[88.389,24.371],[88.426,24.383],[88.445,24.379],[88.509,24.343],[88.526,24.345],[88.555,24.293],[88.57,24.327],[88.587,24.325],[88.588,24.315],[88.601,24.311],[88.623,24.316],[88.63,24.306],[88.699,24.314],[88.722,24.3],[88.735,24.279],[88.731,24.173],[88.746,24.147],[88.699,24.121],[88.724,24.068],[88.743,24.055],[88.742,24.048],[88.724,24.047],[88.741,24.036],[88.729,23.994],[88.758,24.007],[88.769,23.982],[88.738,23.983],[88.732,23.961],[88.742,23.951],[88.743,23.93],[88.735,23.933],[88.733,23.911],[88.706,23.916],[88.699,23.91],[88.705,23.9],[88.688,23.902],[88.683,23.889],[88.664,23.883],[88.668,23.87],[88.627,23.865],[88.618,23.877],[88.608,23.863],[88.588,23.872],[88.575,23.862],[88.578,23.851],[88.591,23.853],[88.586,23.831],[88.602,23.817],[88.595,23.809],[88.585,23.814],[88.596,23.805],[88.578,23.787],[88.556,23.785],[88.58,23.775],[88.581,23.761],[88.57,23.748],[88.576,23.733],[88.565,23.712],[88.574,23.667],[88.558,23.649],[88.562,23.637],[88.594,23.641],[88.594,23.617],[88.585,23.617],[88.58,23.603],[88.646,23.609],[88.639,23.591],[88.651,23.585],[88.654,23.556],[88.683,23.542],[88.696,23.517],[88.725,23.512],[88.741,23.48],[88.761,23.479],[88.761,23.491],[88.775,23.48],[88.77,23.498],[88.787,23.507],[88.785,23.498],[88.801,23.497],[88.8,23.482],[88.787,23.47],[88.795,23.443],[88.78,23.438],[88.764,23.448],[88.754,23.417],[88.761,23.409],[88.749,23.401],[88.763,23.387],[88.765,23.367],[88.748,23.362],[88.746,23.349],[88.732,23.352],[88.739,23.343],[88.733,23.328],[88.75,23.321],[88.746,23.308],[88.731,23.308],[88.73,23.32],[88.726,23.299],[88.707,23.304],[88.711,23.313],[88.696,23.302],[88.697,23.292],[88.724,23.272],[88.719,23.255],[88.752,23.24],[88.769,23.245],[88.778,23.236],[88.774,23.225],[88.79,23.218],[88.811,23.222],[88.812,23.256],[88.829,23.245],[88.824,23.234],[88.837,23.244],[88.845,23.231],[88.873,23.234],[88.886,23.226],[88.907,23.236],[88.915,23.214],[88.927,23.218],[88.943,23.206],[88.971,23.223],[88.979,23.215],[88.976,23.225],[88.979,23.216],[88.983,23.222],[88.996,23.215],[88.98,23.212],[88.988,23.203],[88.98,23.183],[88.966,23.194],[88.939,23.177],[88.928,23.163],[88.931,23.143],[88.923,23.145],[88.9,23.111],[88.869,23.101],[88.875,23.09],[88.861,23.077],[88.884,23.04],[88.872,23.017],[88.88,23.007],[88.845,23.009],[88.865,23.001],[88.871,22.979],[88.856,22.966],[88.86,22.943],[88.894,22.952],[88.887,22.934],[88.908,22.92],[88.895,22.914],[88.909,22.88],[88.929,22.872],[88.945,22.881],[88.969,22.845],[88.959,22.797],[88.937,22.793],[88.912,22.757],[88.921,22.753],[88.916,22.737],[88.928,22.718],[88.962,22.694],[88.945,22.662],[88.926,22.652],[88.935,22.618],[88.96,22.616],[88.939,22.591],[88.938,22.56],[88.961,22.55],[88.976,22.494],[88.996,22.469],[88.99,22.445],[89,22.43],[88.972,22.411],[88.99,22.392],[88.985,22.326],[89,22.324],[89.024,22.296],[88.999,22.297],[88.996,22.286],[89.019,22.27],[89.015,22.254],[89.033,22.259],[89.04,22.228],[89.071,22.197],[89.063,22.17],[89.071,22.149],[89.09,22.16],[89.098,22.155],[89.04,22.102],[89.044,22.049],[89.034,22.046],[89.045,22.042],[89.076,21.998],[89.064,21.937],[89.031,21.925],[89.007,21.94],[89.003,21.952],[89.019,21.976],[88.995,21.951],[89.019,21.924],[89.017,21.899],[88.993,21.905],[88.986,21.896],[89.032,21.863],[89.035,21.852],[89.024,21.846],[89.034,21.839],[89.03,21.821],[89.002,21.809],[89.021,21.81],[89.025,21.756],[89.06,21.728],[89.054,21.721],[89.075,21.702],[89.071,21.687],[89.091,21.676],[89.1,21.637],[89.072,21.614],[89.057,21.612],[89.031,21.634],[89.031,21.655],[89.02,21.66],[89.027,21.629],[89.042,21.618],[89.027,21.599],[89.004,21.599],[89,21.619],[88.985,21.609],[88.957,21.617],[88.94,21.645],[88.945,21.666],[88.92,21.63],[88.886,21.658],[88.872,21.706],[88.885,21.743],[88.879,21.766],[88.86,21.777],[88.839,21.777],[88.832,21.768],[88.867,21.757],[88.843,21.71],[88.847,21.672],[88.865,21.636],[88.85,21.623],[88.846,21.638],[88.849,21.616],[88.817,21.624],[88.81,21.634],[88.826,21.659],[88.819,21.684],[88.801,21.655],[88.753,21.67],[88.759,21.661],[88.752,21.659],[88.723,21.678],[88.698,21.743],[88.714,21.803],[88.722,21.804],[88.707,21.816],[88.709,21.825],[88.719,21.825],[88.704,21.821],[88.698,21.839],[88.708,21.853],[88.72,21.853],[88.707,21.855],[88.702,21.845],[88.7,21.857],[88.718,21.902],[88.728,21.9],[88.72,21.913],[88.73,21.93],[88.727,21.975],[88.752,21.976],[88.758,21.968],[88.763,22.011],[88.779,22.014],[88.763,22.018],[88.751,22.046],[88.763,22.05],[88.749,22.054],[88.755,22.075],[88.727,22.053],[88.698,22.074],[88.685,22.067],[88.691,22.052],[88.735,22.03],[88.738,22.011],[88.72,22.003],[88.664,22.021],[88.656,22.064],[88.639,22.076],[88.626,22.062],[88.638,22.04],[88.619,22.018],[88.603,22.019],[88.599,22.031],[88.6,22.017],[88.614,22.012],[88.601,21.965],[88.619,21.932],[88.608,21.933],[88.579,21.976],[88.58,21.954],[88.614,21.921],[88.586,21.889],[88.571,21.907],[88.58,21.888],[88.576,21.858],[88.564,21.831],[88.555,21.83],[88.555,21.815],[88.535,21.84],[88.552,21.876],[88.527,21.852],[88.5,21.876],[88.528,21.919],[88.518,21.948],[88.5,21.955],[88.511,21.938],[88.505,21.914],[88.482,21.906],[88.476,21.893],[88.458,21.896],[88.482,21.885],[88.491,21.841],[88.449,21.812],[88.452,21.8],[88.478,21.788],[88.456,21.71],[88.473,21.671],[88.451,21.612],[88.43,21.607],[88.44,21.623],[88.42,21.653],[88.42,21.687],[88.435,21.702],[88.424,21.719],[88.429,21.7],[88.414,21.687],[88.413,21.652],[88.434,21.62],[88.415,21.611],[88.41,21.592],[88.397,21.591],[88.386,21.607],[88.391,21.623],[88.38,21.675],[88.4,21.698],[88.402,21.72],[88.372,21.722],[88.365,21.731],[88.367,21.72],[88.397,21.714],[88.368,21.682],[88.349,21.692],[88.343,21.72],[88.327,21.722],[88.329,21.709],[88.317,21.707],[88.306,21.714],[88.307,21.73],[88.295,21.705],[88.275,21.734],[88.281,21.71],[88.31,21.675],[88.295,21.647],[88.286,21.599],[88.31,21.579],[88.291,21.556],[88.247,21.561],[88.215,21.613],[88.235,21.636],[88.233,21.667],[88.199,21.681],[88.22,21.698],[88.212,21.728],[88.22,21.762],[88.203,21.812],[88.169,21.869],[88.176,21.926],[88.156,21.956],[88.193,21.995],[88.224,22.075],[88.209,22.149],[88.181,22.191],[88.074,22.207],[88.056,22.224],[88.048,22.216],[88.02,22.223],[88.022,22.2],[88.037,22.208],[88.067,22.186],[88.133,22.184],[88.189,22.117],[88.19,22.104],[88.148,22.059],[88.072,22.015],[88.048,22.014],[88.049,21.994],[88.025,21.962],[88.013,21.914],[87.974,21.854],[87.919,21.801],[87.893,21.793],[87.876,21.817],[87.891,21.79],[87.887,21.777],[87.795,21.699],[87.804,21.696],[87.751,21.696],[87.754,21.685],[87.709,21.66],[87.657,21.646],[87.642,21.649],[87.646,21.658],[87.634,21.644],[87.557,21.636],[87.434,21.596],[87.387,21.571],[87.348,21.583],[87.342,21.57],[87.371,21.563],[87.377,21.55],[87.28,21.556],[87.18,21.543],[87.197,21.555],[87.187,21.555],[87.172,21.55],[87.17,21.538],[87.201,21.545],[87.128,21.513],[87.121,21.519],[87.132,21.519],[87.109,21.519],[87.092,21.537],[87.098,21.524],[87.118,21.514],[87.109,21.502],[87.076,21.473],[87.06,21.482],[87.039,21.478],[87.06,21.47],[86.992,21.415],[86.92,21.336],[86.912,21.338],[86.915,21.332],[86.896,21.313],[86.857,21.233],[86.838,21.205],[86.832,21.212],[86.827,21.137],[86.854,21.066],[86.892,21.01],[86.913,20.952],[86.937,20.917],[86.961,20.863],[86.954,20.853],[86.961,20.855],[86.975,20.821],[86.967,20.782],[86.887,20.797],[86.869,20.788],[86.868,20.775],[86.892,20.767],[86.996,20.77],[87.011,20.738],[87.003,20.712],[86.926,20.71],[86.974,20.71],[86.981,20.702],[86.964,20.695],[86.986,20.703],[87.022,20.697],[87.07,20.721],[86.869,20.59],[86.861,20.593],[86.867,20.588],[86.797,20.54],[86.769,20.503],[86.732,20.535],[86.762,20.503],[86.746,20.469],[86.738,20.48],[86.716,20.479],[86.738,20.477],[86.735,20.416],[86.726,20.396],[86.708,20.409],[86.72,20.394],[86.747,20.4],[86.739,20.383],[86.759,20.399],[86.745,20.377],[86.779,20.395],[86.785,20.386],[86.769,20.37],[86.788,20.377],[86.768,20.329],[86.738,20.311],[86.729,20.315],[86.722,20.302],[86.69,20.306],[86.684,20.291],[86.674,20.294],[86.688,20.285],[86.724,20.294],[86.788,20.34],[86.804,20.364],[86.799,20.347],[86.733,20.295],[86.682,20.268],[86.672,20.274],[86.679,20.26],[86.521,20.185],[86.516,20.17],[86.543,20.188],[86.539,20.193],[86.555,20.192],[86.521,20.163],[86.478,20.092],[86.44,20.057],[86.435,20.019],[86.423,20.002],[86.382,19.965],[86.378,19.991],[86.367,19.978],[86.343,19.98],[86.327,19.994],[86.315,19.988],[86.316,19.98],[86.323,19.985],[86.351,19.963],[86.373,19.959],[86.372,19.952],[86.312,19.943],[86.241,19.906],[86.243,19.921],[86.22,19.911],[86.235,19.904],[86.217,19.895],[86.07,19.851],[85.912,19.824],[85.918,19.82],[85.766,19.774],[85.608,19.712],[85.675,19.744],[85.656,19.743],[85.633,19.727],[85.54,19.696],[85.527,19.685],[85.534,19.679],[85.592,19.702],[85.343,19.581],[85.148,19.447],[85.1,19.406],[85.083,19.378],[85.063,19.37],[85.038,19.392],[85.036,19.379],[85.05,19.368],[85.08,19.372],[85.005,19.33],[84.917,19.26],[84.909,19.279],[84.907,19.263],[84.915,19.258],[84.837,19.185],[84.795,19.116],[84.798,19.131],[84.777,19.108],[84.746,19.117],[84.737,19.095],[84.726,19.091],[84.741,19.088],[84.746,19.075],[84.762,19.1],[84.793,19.114],[84.767,19.072],[84.68,18.955],[84.59,18.863],[84.558,18.79],[84.471,18.712],[84.442,18.657],[84.372,18.594],[84.362,18.567],[84.353,18.564],[84.345,18.572],[84.357,18.584],[84.335,18.577],[84.349,18.56],[84.338,18.568],[84.338,18.554],[84.322,18.55],[84.307,18.532],[84.339,18.544],[84.36,18.565],[84.36,18.554],[84.244,18.46],[84.138,18.351],[84.1,18.35],[84.132,18.343],[84.129,18.31],[84.042,18.26],[83.989,18.242],[83.995,18.237],[83.952,18.214],[83.925,18.229],[83.94,18.21],[83.887,18.194],[83.859,18.17],[83.814,18.155],[83.807,18.162],[83.81,18.154],[83.668,18.088],[83.678,18.084],[83.662,18.07],[83.587,18.019],[83.571,18.02],[83.578,18.014],[83.567,18.012],[83.556,18.026],[83.555,18.013],[83.57,18.007],[83.544,17.964],[83.457,17.9],[83.455,17.923],[83.458,17.91],[83.445,17.91],[83.452,17.902],[83.445,17.901],[83.456,17.891],[83.415,17.852],[83.411,17.808],[83.35,17.749],[83.344,17.722],[83.295,17.689],[83.283,17.689],[83.299,17.685],[83.298,17.676],[83.238,17.628],[83.239,17.614],[83.215,17.59],[83.02,17.506],[82.996,17.474],[82.942,17.449],[82.882,17.425],[82.892,17.447],[82.872,17.425],[82.855,17.425],[82.869,17.415],[82.752,17.365],[82.602,17.284],[82.464,17.189],[82.306,17.038],[82.291,17.017],[82.275,16.944],[82.25,16.936],[82.251,16.875],[82.262,16.885],[82.269,16.872],[82.285,16.872],[82.277,16.855],[82.289,16.866],[82.303,16.864],[82.316,16.841],[82.326,16.855],[82.356,16.851],[82.36,16.825],[82.362,16.943],[82.333,16.989],[82.363,16.962],[82.371,16.909],[82.362,16.816],[82.342,16.736],[82.312,16.731],[82.293,16.708],[82.269,16.707],[82.29,16.696],[82.339,16.713],[82.345,16.704],[82.334,16.688],[82.355,16.711],[82.34,16.717],[82.359,16.709],[82.366,16.719],[82.346,16.729],[82.365,16.731],[82.369,16.713],[82.329,16.666],[82.309,16.597],[82.284,16.641],[82.258,16.65],[82.266,16.674],[82.258,16.689],[82.255,16.648],[82.282,16.63],[82.3,16.585],[82.291,16.571],[82.259,16.561],[82.298,16.565],[82.284,16.558],[82.292,16.557],[82.302,16.568],[82.305,16.56],[82.234,16.543],[82.033,16.44],[82.05,16.453],[82.04,16.463],[82.045,16.454],[82.027,16.439],[81.963,16.397],[81.964,16.436],[81.951,16.393],[81.877,16.38],[81.719,16.309],[81.726,16.35],[81.717,16.365],[81.71,16.305],[81.695,16.312],[81.688,16.33],[81.677,16.325],[81.547,16.345],[81.542,16.353],[81.556,16.349],[81.562,16.367],[81.557,16.362],[81.553,16.372],[81.553,16.352],[81.398,16.342],[81.319,16.31],[81.272,16.277],[81.267,16.293],[81.268,16.273],[81.227,16.224],[81.207,16.175],[81.208,16.194],[81.198,16.174],[81.2,16.144],[81.188,16.142],[81.205,16.138],[81.191,16.093],[81.148,16.013],[81.152,15.972],[81.137,15.973],[81.126,15.993],[81.139,15.965],[81.065,15.904],[80.997,15.822],[81.01,15.81],[80.995,15.814],[81.006,15.777],[81.027,15.766],[81.027,15.79],[81.035,15.783],[81.031,15.761],[80.982,15.775],[80.996,15.759],[81.013,15.757],[80.997,15.741],[80.976,15.738],[80.975,15.753],[80.959,15.759],[80.971,15.75],[80.952,15.732],[80.974,15.75],[80.969,15.731],[80.938,15.71],[80.898,15.755],[80.923,15.715],[80.832,15.701],[80.835,15.751],[80.813,15.742],[80.785,15.808],[80.787,15.854],[80.789,15.818],[80.811,15.78],[80.816,15.812],[80.805,15.842],[80.77,15.87],[80.683,15.88],[80.677,15.89],[80.677,15.88],[80.64,15.876],[80.632,15.885],[80.629,15.875],[80.536,15.849],[80.522,15.857],[80.528,15.847],[80.375,15.772],[80.271,15.667],[80.264,15.672],[80.26,15.653],[80.25,15.652],[80.263,15.652],[80.235,15.592],[80.228,15.542],[80.217,15.533],[80.232,15.542],[80.215,15.508],[80.204,15.512],[80.193,15.502],[80.197,15.49],[80.215,15.504],[80.205,15.468],[80.129,15.376],[80.1,15.321],[80.099,15.31],[80.107,15.329],[80.108,15.319],[80.083,15.263],[80.09,15.208],[80.082,15.182],[80.065,15.19],[80.08,15.181],[80.063,15.144],[80.048,15.074],[80.054,15.011],[80.089,14.878],[80.093,14.813],[80.078,14.809],[80.091,14.804],[80.095,14.812],[80.109,14.757],[80.13,14.728],[80.112,14.745],[80.114,14.724],[80.119,14.734],[80.135,14.717],[80.134,14.692],[80.14,14.716],[80.169,14.621],[80.185,14.597],[80.182,14.585],[80.14,14.565],[80.184,14.568],[80.196,14.578],[80.183,14.523],[80.168,14.339],[80.137,14.245],[80.132,14.256],[80.122,14.256],[80.126,14.248],[80.104,14.252],[80.11,14.241],[80.137,14.242],[80.128,14.184],[80.142,14.072],[80.126,14.066],[80.144,14.069],[80.155,14.021],[80.149,14.017],[80.161,14.009],[80.241,13.825],[80.242,13.813],[80.225,13.819],[80.245,13.812],[80.257,13.782],[80.238,13.722],[80.236,13.644],[80.31,13.467],[80.305,13.454],[80.316,13.439],[80.31,13.425],[80.321,13.416],[80.322,13.389],[80.332,13.376],[80.322,13.433],[80.322,13.443],[80.328,13.44],[80.346,13.283],[80.328,13.233],[80.317,13.23],[80.314,13.247],[80.309,13.202],[80.331,13.227],[80.295,13.122],[80.296,13.086],[80.303,13.1],[80.305,13.091],[80.287,13.065],[80.276,13.068],[80.285,13.063],[80.28,13.016],[80.264,13.011],[80.277,13.007],[80.257,12.919],[80.25,12.803],[80.246,12.825],[80.242,12.805],[80.233,12.845],[80.239,12.803],[80.23,12.787],[80.24,12.785],[80.239,12.797],[80.247,12.792],[80.247,12.8],[80.256,12.781],[80.188,12.572],[80.165,12.511],[80.155,12.512],[80.163,12.507],[80.156,12.462],[80.134,12.431],[80.115,12.454],[80.113,12.443],[80.131,12.426],[80.015,12.264],[79.972,12.235],[79.976,12.228],[80.01,12.253],[79.873,12.04],[79.831,11.903],[79.824,11.917],[79.828,11.907],[79.82,11.906],[79.83,11.9],[79.826,11.882],[79.812,11.881],[79.816,11.871],[79.825,11.877],[79.783,11.71],[79.778,11.704],[79.775,11.711],[79.759,11.672],[79.78,11.701],[79.756,11.578],[79.763,11.527],[79.775,11.507],[79.765,11.485],[79.782,11.5],[79.832,11.363],[79.813,11.37],[79.814,11.362],[79.775,11.386],[79.761,11.379],[79.839,11.352],[79.837,11.298],[79.857,11.196],[79.852,10.837],[79.827,10.817],[79.85,10.825],[79.866,10.392],[79.879,10.327],[79.868,10.337],[79.876,10.318],[79.874,10.311],[79.87,10.322],[79.872,10.297],[79.878,10.323],[79.881,10.311],[79.861,10.28],[79.793,10.273],[79.811,10.287],[79.798,10.305],[79.729,10.325],[79.69,10.325],[79.673,10.331],[79.662,10.348],[79.669,10.327],[79.658,10.323],[79.641,10.336],[79.639,10.365],[79.625,10.343],[79.634,10.341],[79.63,10.336],[79.614,10.336],[79.581,10.312],[79.558,10.315],[79.56,10.327],[79.592,10.329],[79.603,10.347],[79.545,10.35],[79.54,10.337],[79.552,10.326],[79.543,10.324],[79.521,10.33],[79.517,10.34],[79.496,10.331],[79.498,10.341],[79.462,10.35],[79.459,10.341],[79.492,10.328],[79.463,10.33],[79.468,10.322],[79.524,10.315],[79.511,10.309],[79.393,10.32],[79.382,10.315],[79.378,10.296],[79.339,10.287],[79.294,10.26],[79.271,10.233],[79.279,10.211],[79.243,10.182],[79.242,10.157],[79.231,10.147],[79.24,10.129],[79.23,10.097],[79.268,10.04],[79.245,10.026],[79.156,9.931],[79.155,9.917],[79.129,9.893],[79.122,9.865],[79.112,9.863],[79.125,9.856],[78.995,9.712],[78.965,9.629],[78.945,9.615],[78.931,9.587],[78.92,9.493],[78.9,9.487],[78.922,9.435],[79,9.347],[78.995,9.331],[78.959,9.34],[78.996,9.33],[79.004,9.341],[79.061,9.299],[79.189,9.28],[79.091,9.259],[78.966,9.271],[78.931,9.266],[78.911,9.248],[78.861,9.251],[78.733,9.208],[78.72,9.197],[78.72,9.185],[78.667,9.189],[78.646,9.172],[78.66,9.152],[78.608,9.144],[78.583,9.127],[78.533,9.133],[78.486,9.124],[78.492,9.141],[78.482,9.124],[78.416,9.109],[78.372,9.077],[78.368,9.092],[78.362,9.067],[78.273,9.001],[78.269,9.013],[78.28,9.012],[78.266,9.018],[78.267,9],[78.206,8.953],[78.172,8.884],[78.17,8.824],[78.16,8.801],[78.164,8.757],[78.125,8.762],[78.16,8.75],[78.169,8.77],[78.195,8.767],[78.197,8.788],[78.2,8.764],[78.191,8.749],[78.17,8.743],[78.156,8.71],[78.137,8.691],[78.127,8.64],[78.11,8.639],[78.128,8.638],[78.136,8.597],[78.115,8.58],[78.134,8.594],[78.14,8.588],[78.124,8.527],[78.131,8.495],[78.07,8.422],[78.06,8.385],[78.044,8.383],[78.07,8.374],[78.007,8.351],[77.897,8.274],[77.807,8.24],[77.787,8.223],[77.779,8.195],[77.747,8.175],[77.584,8.137],[77.564,8.118],[77.56,8.092],[77.567,8.088],[77.55,8.074],[77.337,8.126],[77.317,8.123],[77.288,8.155],[77.243,8.173],[77.183,8.217],[77.164,8.25],[77.164,8.239],[77.012,8.35],[76.997,8.374],[76.972,8.388],[76.955,8.44],[76.954,8.425],[76.885,8.506],[76.7,8.737],[76.64,8.825],[76.602,8.865],[76.568,8.875],[76.546,8.9],[76.544,8.932],[76.563,8.925],[76.569,8.913],[76.603,8.934],[76.592,8.941],[76.573,8.927],[76.597,8.947],[76.6,8.971],[76.607,8.951],[76.617,8.959],[76.61,8.962],[76.614,8.968],[76.627,8.964],[76.622,8.955],[76.629,8.947],[76.645,8.952],[76.631,8.953],[76.633,8.969],[76.652,8.957],[76.66,8.964],[76.662,8.954],[76.672,8.964],[76.663,8.965],[76.668,8.974],[76.652,8.967],[76.652,8.975],[76.647,8.97],[76.632,8.979],[76.654,8.985],[76.661,8.978],[76.658,8.989],[76.666,8.994],[76.647,8.987],[76.645,8.999],[76.633,8.986],[76.628,8.991],[76.62,8.975],[76.611,8.975],[76.607,8.99],[76.597,8.981],[76.598,8.991],[76.588,8.994],[76.567,8.947],[76.55,8.958],[76.564,8.962],[76.558,8.967],[76.576,8.977],[76.572,8.982],[76.543,8.957],[76.537,8.961],[76.545,8.938],[76.539,8.934],[76.513,9.024],[76.46,9.136],[76.47,9.119],[76.48,9.125],[76.487,9.115],[76.48,9.155],[76.496,9.168],[76.478,9.167],[76.479,9.148],[76.471,9.143],[76.444,9.197],[76.442,9.233],[76.428,9.25],[76.423,9.239],[76.458,9.142],[76.385,9.307],[76.396,9.324],[76.389,9.338],[76.382,9.316],[76.357,9.365],[76.32,9.475],[76.297,9.607],[76.289,9.75],[76.236,9.96],[76.245,9.971],[76.257,9.965],[76.272,9.93],[76.277,9.933],[76.258,9.971],[76.274,9.966],[76.288,9.947],[76.27,9.991],[76.276,10.005],[76.267,10.026],[76.26,10.023],[76.27,10.033],[76.244,10.036],[76.23,10.018],[76.243,9.973],[76.22,9.999],[76.18,10.108],[76.18,10.118],[76.192,10.1],[76.192,10.108],[76.185,10.135],[76.172,10.14],[76.183,10.144],[76.168,10.18],[76.178,10.175],[76.178,10.184],[76.208,10.195],[76.196,10.2],[76.162,10.188],[76.162,10.178],[76.155,10.188],[76.111,10.35],[76.045,10.498],[76.059,10.475],[76.06,10.488],[76.034,10.528],[76.057,10.534],[76.063,10.525],[76.054,10.542],[76.063,10.536],[76.065,10.543],[76.045,10.552],[76.047,10.534],[76.028,10.528],[75.943,10.722],[75.945,10.752],[75.938,10.734],[75.92,10.778],[75.96,10.813],[75.917,10.794],[75.92,10.807],[75.91,10.827],[75.912,10.785],[75.882,10.937],[75.826,11.12],[75.848,11.141],[75.866,11.125],[75.865,11.116],[75.87,11.124],[75.847,11.144],[75.826,11.124],[75.805,11.155],[75.829,11.157],[75.814,11.162],[75.827,11.179],[75.817,11.18],[75.804,11.162],[75.78,11.222],[75.787,11.234],[75.802,11.234],[75.787,11.237],[75.778,11.228],[75.735,11.331],[75.737,11.352],[75.745,11.345],[75.758,11.36],[75.735,11.357],[75.734,11.347],[75.689,11.44],[75.66,11.464],[75.636,11.461],[75.62,11.476],[75.596,11.55],[75.602,11.545],[75.6,11.57],[75.587,11.59],[75.59,11.571],[75.532,11.702],[75.543,11.711],[75.527,11.706],[75.497,11.733],[75.475,11.763],[75.49,11.765],[75.475,11.768],[75.487,11.78],[75.468,11.765],[75.456,11.772],[75.465,11.781],[75.463,11.804],[75.455,11.778],[75.383,11.858],[75.367,11.851],[75.355,11.862],[75.337,11.894],[75.318,11.906],[75.321,11.916],[75.3,11.943],[75.304,11.95],[75.345,11.933],[75.318,11.953],[75.315,11.97],[75.304,11.97],[75.314,11.95],[75.281,11.995],[75.305,11.954],[75.293,11.952],[75.232,12.022],[75.201,12.004],[75.12,12.195],[75.13,12.198],[75.131,12.212],[75.117,12.215],[75.118,12.202],[75.049,12.37],[75.005,12.437],[75.014,12.447],[75.003,12.441],[74.985,12.477],[75.003,12.469],[75.002,12.492],[75,12.475],[74.982,12.497],[74.985,12.482],[74.98,12.487],[74.934,12.593],[74.932,12.605],[74.942,12.586],[74.936,12.614],[74.927,12.611],[74.889,12.7],[74.9,12.692],[74.895,12.704],[74.884,12.707],[74.825,12.838],[74.843,12.823],[74.84,12.832],[74.868,12.832],[74.869,12.839],[74.832,12.847],[74.823,12.9],[74.814,12.908],[74.83,12.846],[74.822,12.849],[74.807,12.915],[74.82,12.927],[74.805,12.929],[74.775,13.065],[74.777,13.073],[74.781,13.059],[74.781,13.09],[74.777,13.095],[74.772,13.08],[74.715,13.317],[74.695,13.343],[74.714,13.335],[74.696,13.348],[74.691,13.444],[74.696,13.415],[74.707,13.41],[74.703,13.433],[74.714,13.434],[74.72,13.452],[74.707,13.437],[74.7,13.467],[74.697,13.454],[74.689,13.462],[74.666,13.631],[74.68,13.605],[74.679,13.634],[74.702,13.637],[74.701,13.626],[74.707,13.637],[74.722,13.638],[74.698,13.654],[74.68,13.65],[74.686,13.656],[74.68,13.657],[74.678,13.682],[74.67,13.637],[74.65,13.664],[74.626,13.797],[74.59,13.919],[74.576,13.923],[74.567,13.945],[74.547,13.945],[74.513,13.987],[74.503,14.023],[74.529,14.022],[74.51,14.031],[74.507,14.042],[74.502,14.027],[74.489,14.088],[74.481,14.091],[74.487,14.099],[74.467,14.192],[74.45,14.206],[74.427,14.275],[74.455,14.245],[74.473,14.253],[74.517,14.242],[74.493,14.255],[74.486,14.266],[74.494,14.267],[74.482,14.277],[74.442,14.272],[74.429,14.288],[74.427,14.309],[74.422,14.3],[74.43,14.283],[74.422,14.286],[74.394,14.413],[74.405,14.418],[74.409,14.409],[74.41,14.415],[74.383,14.417],[74.372,14.47],[74.35,14.502],[74.377,14.526],[74.371,14.536],[74.383,14.53],[74.383,14.539],[74.363,14.541],[74.377,14.546],[74.365,14.551],[74.372,14.562],[74.353,14.537],[74.346,14.543],[74.353,14.519],[74.342,14.511],[74.311,14.518],[74.313,14.542],[74.292,14.594],[74.301,14.587],[74.32,14.6],[74.35,14.598],[74.35,14.604],[74.327,14.609],[74.314,14.6],[74.322,14.609],[74.313,14.615],[74.311,14.6],[74.29,14.596],[74.268,14.624],[74.279,14.624],[74.282,14.641],[74.296,14.638],[74.279,14.648],[74.277,14.656],[74.291,14.66],[74.276,14.659],[74.28,14.673],[74.255,14.705],[74.284,14.712],[74.27,14.712],[74.269,14.721],[74.261,14.71],[74.233,14.745],[74.222,14.733],[74.204,14.734],[74.206,14.714],[74.18,14.745],[74.163,14.749],[74.169,14.76],[74.154,14.742],[74.155,14.758],[74.139,14.776],[74.118,14.771],[74.115,14.784],[74.109,14.78],[74.092,14.801],[74.12,14.799],[74.126,14.837],[74.164,14.837],[74.162,14.817],[74.171,14.837],[74.159,14.842],[74.165,14.859],[74.115,14.841],[74.097,14.892],[74.041,14.917],[74.043,14.947],[74.055,14.955],[74.034,14.981],[74.051,14.984],[74.037,14.983],[74.019,15.015],[73.992,15.018],[73.984,15.054],[73.977,15.049],[73.955,15.072],[73.913,15.083],[73.926,15.096],[73.92,15.108],[73.937,15.114],[73.937,15.132],[73.947,15.14],[73.957,15.136],[73.956,15.157],[73.948,15.145],[73.898,15.328],[73.878,15.367],[73.843,15.357],[73.808,15.375],[73.807,15.392],[73.792,15.393],[73.785,15.408],[73.797,15.413],[73.808,15.398],[73.818,15.41],[73.826,15.403],[73.844,15.409],[73.847,15.399],[73.877,15.396],[73.886,15.4],[73.885,15.428],[73.864,15.428],[73.848,15.45],[73.802,15.45],[73.789,15.459],[73.806,15.464],[73.81,15.487],[73.826,15.504],[73.819,15.509],[73.81,15.495],[73.782,15.498],[73.786,15.492],[73.77,15.49],[73.761,15.532],[73.734,15.588],[73.738,15.608],[73.751,15.605],[73.758,15.613],[73.749,15.621],[73.79,15.652],[73.734,15.615],[73.691,15.713],[73.716,15.729],[73.707,15.734],[73.696,15.719],[73.681,15.719],[73.653,15.741],[73.676,15.752],[73.665,15.754],[73.655,15.788],[73.666,15.808],[73.656,15.791],[73.639,15.813],[73.63,15.849],[73.611,15.863],[73.629,15.871],[73.612,15.865],[73.59,15.907],[73.598,15.921],[73.587,15.91],[73.573,15.911],[73.538,15.94],[73.535,15.932],[73.511,15.938],[73.504,15.953],[73.509,15.99],[73.499,15.984],[73.502,15.967],[73.487,15.988],[73.492,16.014],[73.482,16.038],[73.457,16.053],[73.474,16.072],[73.46,16.086],[73.476,16.096],[73.467,16.106],[73.474,16.132],[73.467,16.14],[73.462,16.091],[73.439,16.194],[73.448,16.19],[73.456,16.212],[73.452,16.225],[73.43,16.199],[73.413,16.272],[73.417,16.281],[73.435,16.284],[73.419,16.29],[73.409,16.274],[73.385,16.336],[73.391,16.36],[73.4,16.354],[73.428,16.372],[73.407,16.36],[73.394,16.367],[73.374,16.359],[73.367,16.379],[73.371,16.389],[73.375,16.376],[73.388,16.393],[73.402,16.39],[73.41,16.407],[73.469,16.413],[73.408,16.415],[73.397,16.4],[73.37,16.395],[73.358,16.441],[73.368,16.436],[73.388,16.448],[73.353,16.443],[73.327,16.511],[73.317,16.511],[73.313,16.54],[73.337,16.56],[73.348,16.528],[73.365,16.514],[73.352,16.513],[73.362,16.478],[73.361,16.507],[73.418,16.51],[73.444,16.5],[73.425,16.512],[73.4,16.51],[73.362,16.524],[73.357,16.537],[73.375,16.538],[73.354,16.541],[73.349,16.555],[73.4,16.544],[73.41,16.557],[73.359,16.553],[73.359,16.564],[73.332,16.576],[73.319,16.598],[73.332,16.606],[73.354,16.593],[73.343,16.606],[73.373,16.629],[73.384,16.613],[73.38,16.598],[73.401,16.589],[73.385,16.601],[73.39,16.615],[73.402,16.616],[73.391,16.635],[73.333,16.619],[73.342,16.632],[73.327,16.635],[73.325,16.643],[73.335,16.647],[73.332,16.683],[73.343,16.682],[73.345,16.692],[73.331,16.685],[73.322,16.694],[73.307,16.728],[73.31,16.786],[73.332,16.81],[73.343,16.786],[73.331,16.823],[73.346,16.828],[73.332,16.828],[73.317,16.805],[73.297,16.813],[73.289,16.879],[73.298,16.889],[73.317,16.883],[73.298,16.899],[73.278,16.891],[73.282,16.928],[73.29,16.932],[73.283,16.952],[73.294,16.956],[73.297,16.98],[73.306,16.958],[73.33,16.945],[73.33,16.968],[73.314,16.961],[73.313,16.977],[73.308,16.971],[73.291,16.989],[73.272,16.987],[73.286,17.011],[73.278,17.024],[73.259,17.02],[73.257,17.048],[73.28,17.034],[73.287,16.999],[73.298,17.02],[73.291,17.033],[73.317,17.03],[73.325,17.04],[73.304,17.038],[73.293,17.05],[73.282,17.038],[73.291,17.074],[73.297,17.067],[73.315,17.084],[73.285,17.079],[73.292,17.114],[73.285,17.1],[73.269,17.109],[73.275,17.122],[73.265,17.15],[73.272,17.15],[73.253,17.19],[73.234,17.196],[73.251,17.195],[73.248,17.22],[73.225,17.246],[73.223,17.269],[73.211,17.277],[73.208,17.266],[73.205,17.284],[73.191,17.297],[73.197,17.304],[73.223,17.3],[73.228,17.281],[73.251,17.28],[73.262,17.258],[73.26,17.284],[73.271,17.29],[73.277,17.28],[73.289,17.287],[73.298,17.282],[73.3,17.292],[73.24,17.291],[73.244,17.315],[73.221,17.327],[73.231,17.333],[73.217,17.345],[73.228,17.352],[73.219,17.355],[73.213,17.381],[73.182,17.384],[73.172,17.399],[73.19,17.413],[73.192,17.43],[73.214,17.433],[73.189,17.441],[73.195,17.464],[73.185,17.501],[73.191,17.511],[73.183,17.504],[73.14,17.558],[73.148,17.57],[73.191,17.573],[73.217,17.589],[73.2,17.595],[73.171,17.58],[73.138,17.61],[73.13,17.636],[73.144,17.637],[73.116,17.68],[73.118,17.695],[73.139,17.702],[73.137,17.713],[73.111,17.784],[73.12,17.781],[73.093,17.808],[73.089,17.834],[73.13,17.834],[73.098,17.847],[73.091,17.84],[73.072,17.885],[73.085,17.894],[73.078,17.9],[73.066,17.887],[73.054,17.902],[73.055,17.924],[73.092,17.94],[73.055,17.927],[73.041,17.931],[73.031,17.949],[73.042,17.978],[73.086,17.981],[73.091,17.99],[73.044,17.992],[73.045,17.985],[73.034,17.993],[73.042,17.981],[73.02,17.991],[73.018,18.007],[73.004,18.02],[73.03,18.025],[73.039,18.033],[73.027,18.027],[73.024,18.037],[73.04,18.052],[73.025,18.045],[73.018,18.027],[73.008,18.05],[72.992,18.052],[72.999,18.081],[72.973,18.13],[72.993,18.157],[72.981,18.185],[72.99,18.192],[72.957,18.216],[72.933,18.217],[72.944,18.243],[72.936,18.28],[72.967,18.279],[72.977,18.245],[73.021,18.243],[73.073,18.217],[73.06,18.182],[73.076,18.167],[73.076,18.154],[73.102,18.142],[73.09,18.171],[73.063,18.191],[73.081,18.216],[73.08,18.235],[73.062,18.255],[73.069,18.271],[73.045,18.296],[73.047,18.303],[73.082,18.3],[73.086,18.319],[73.067,18.303],[73.046,18.305],[73.041,18.293],[73.055,18.269],[73.03,18.263],[73.015,18.285],[72.994,18.273],[72.958,18.313],[72.971,18.318],[72.938,18.347],[72.921,18.347],[72.915,18.369],[72.927,18.37],[72.929,18.382],[72.907,18.408],[72.908,18.434],[72.895,18.457],[72.912,18.512],[72.907,18.54],[72.913,18.529],[72.965,18.535],[72.975,18.499],[73.006,18.467],[72.968,18.54],[72.925,18.542],[72.885,18.626],[72.887,18.635],[72.9,18.634],[72.871,18.639],[72.857,18.694],[72.868,18.801],[72.902,18.803],[72.913,18.792],[72.939,18.825],[72.964,18.796],[72.997,18.778],[72.98,18.752],[73,18.723],[73.016,18.715],[72.99,18.749],[73.002,18.779],[72.979,18.8],[73.013,18.802],[73.003,18.806],[73.01,18.813],[72.995,18.805],[72.985,18.811],[72.989,18.865],[72.947,18.844],[72.927,18.85],[72.907,18.885],[72.909,18.897],[72.929,18.911],[72.935,18.892],[72.948,18.891],[72.942,18.907],[72.957,18.901],[72.965,18.917],[72.949,18.935],[72.95,18.946],[72.97,18.951],[72.987,18.943],[72.957,18.969],[72.974,18.962],[72.995,18.968],[73.022,18.99],[73.032,18.986],[73.035,19.001],[73.054,18.997],[73.046,19.008],[73.054,19.015],[73.067,19.003],[73.06,19.017],[73.067,19.021],[73.049,19.019],[73.03,19.001],[73.023,19.013],[73.017,18.998],[73.008,18.998],[73.009,19.009],[73.001,19.004],[72.997,19.062],[72.985,19.068],[72.999,19.092],[72.988,19.084],[72.983,19.097],[72.99,19.102],[72.979,19.103],[72.98,19.12],[72.988,19.112],[72.98,19.128],[72.986,19.19],[72.974,19.142],[72.966,19.132],[72.956,19.14],[72.961,19.116],[72.956,19.106],[72.947,19.111],[72.955,19.093],[72.93,19.087],[72.95,19.09],[72.958,19.068],[72.943,19.059],[72.96,19.064],[72.958,19.037],[72.914,18.997],[72.893,18.998],[72.885,19.011],[72.866,19.006],[72.865,18.994],[72.858,18.995],[72.862,18.981],[72.85,18.97],[72.846,18.927],[72.806,18.893],[72.805,18.909],[72.825,18.918],[72.818,18.922],[72.823,18.937],[72.809,18.95],[72.792,18.935],[72.79,18.947],[72.815,18.979],[72.817,19.024],[72.828,19.019],[72.839,19.043],[72.835,19.053],[72.818,19.043],[72.822,19.076],[72.835,19.091],[72.827,19.084],[72.82,19.124],[72.805,19.143],[72.832,19.162],[72.831,19.18],[72.801,19.154],[72.797,19.129],[72.789,19.13],[72.789,19.148],[72.78,19.154],[72.782,19.167],[72.794,19.171],[72.799,19.199],[72.841,19.254],[72.819,19.245],[72.795,19.195],[72.783,19.192],[72.776,19.226],[72.786,19.305],[72.795,19.311],[72.81,19.292],[72.829,19.31],[72.857,19.315],[72.897,19.289],[72.912,19.288],[72.854,19.35],[72.855,19.34],[72.834,19.339],[72.813,19.324],[72.777,19.348],[72.759,19.372],[72.771,19.396],[72.745,19.46],[72.778,19.492],[72.822,19.492],[72.848,19.521],[72.889,19.524],[72.846,19.541],[72.829,19.51],[72.781,19.504],[72.787,19.524],[72.777,19.508],[72.763,19.506],[72.73,19.529],[72.716,19.592],[72.748,19.599],[72.73,19.602],[72.708,19.675],[72.715,19.694],[72.695,19.726],[72.709,19.728],[72.715,19.745],[72.707,19.735],[72.692,19.739],[72.688,19.786],[72.697,19.802],[72.689,19.804],[72.688,19.794],[72.655,19.833],[72.661,19.848],[72.692,19.863],[72.681,19.867],[72.68,19.917],[72.666,19.934],[72.688,19.941],[72.69,19.957],[72.711,19.969],[72.725,19.967],[72.736,19.943],[72.746,19.942],[72.736,19.959],[72.745,19.964],[72.731,19.962],[72.719,19.972],[72.724,19.997],[72.708,20.072],[72.727,20.082],[72.738,20.115],[72.748,20.202],[72.763,20.214],[72.783,20.211],[72.763,20.216],[72.747,20.207],[72.741,20.242],[72.757,20.263],[72.751,20.263],[72.754,20.29],[72.774,20.303],[72.777,20.336],[72.789,20.35],[72.813,20.355],[72.837,20.372],[72.822,20.37],[72.829,20.405],[72.853,20.409],[72.83,20.414],[72.83,20.442],[72.859,20.467],[72.872,20.493],[72.892,20.503],[72.886,20.53],[72.9,20.53],[72.887,20.542],[72.9,20.583],[72.89,20.627],[72.913,20.637],[72.887,20.637],[72.89,20.66],[72.876,20.661],[72.845,20.744],[72.877,20.735],[72.93,20.759],[72.894,20.744],[72.857,20.752],[72.846,20.792],[72.867,20.788],[72.85,20.801],[72.854,20.824],[72.838,20.792],[72.826,20.794],[72.83,20.816],[72.783,20.919],[72.802,20.92],[72.813,20.931],[72.824,20.915],[72.816,20.94],[72.824,20.95],[72.864,20.946],[72.833,20.96],[72.85,20.972],[72.796,20.943],[72.777,20.947],[72.758,20.929],[72.734,20.998],[72.728,21.054],[72.739,21.041],[72.782,21.043],[72.778,21.053],[72.792,21.056],[72.796,21.044],[72.822,21.032],[72.849,21.032],[72.836,21.044],[72.825,21.037],[72.798,21.05],[72.8,21.069],[72.819,21.09],[72.83,21.082],[72.828,21.092],[72.812,21.094],[72.778,21.065],[72.763,21.065],[72.747,21.085],[72.732,21.077],[72.707,21.087],[72.71,21.131],[72.747,21.144],[72.789,21.18],[72.753,21.179],[72.746,21.151],[72.733,21.144],[72.677,21.158],[72.662,21.136],[72.662,21.101],[72.65,21.089],[72.665,21.088],[72.64,21.08],[72.625,21.098],[72.622,21.137],[72.635,21.128],[72.651,21.147],[72.633,21.131],[72.62,21.169],[72.621,21.179],[72.633,21.169],[72.638,21.207],[72.654,21.209],[72.662,21.226],[72.677,21.202],[72.69,21.204],[72.695,21.193],[72.723,21.203],[72.742,21.198],[72.705,21.204],[72.706,21.213],[72.677,21.22],[72.669,21.233],[72.64,21.235],[72.63,21.25],[72.646,21.267],[72.626,21.254],[72.618,21.268],[72.622,21.285],[72.638,21.286],[72.639,21.298],[72.627,21.291],[72.607,21.304],[72.602,21.287],[72.598,21.298],[72.607,21.316],[72.636,21.319],[72.624,21.325],[72.627,21.343],[72.653,21.33],[72.653,21.346],[72.67,21.344],[72.686,21.355],[72.661,21.347],[72.646,21.387],[72.665,21.39],[72.66,21.401],[72.677,21.428],[72.699,21.442],[72.699,21.463],[72.732,21.467],[72.739,21.435],[72.741,21.445],[72.753,21.438],[72.762,21.448],[72.753,21.459],[72.74,21.45],[72.749,21.471],[72.728,21.478],[72.646,21.446],[72.641,21.455],[72.665,21.472],[72.68,21.501],[72.728,21.539],[72.775,21.597],[72.796,21.592],[72.823,21.61],[72.836,21.633],[72.829,21.656],[72.834,21.666],[72.894,21.663],[72.928,21.676],[72.869,21.69],[72.823,21.669],[72.784,21.664],[72.738,21.69],[72.715,21.68],[72.609,21.685],[72.555,21.659],[72.537,21.663],[72.528,21.673],[72.527,21.711],[72.536,21.732],[72.553,21.737],[72.562,21.785],[72.572,21.793],[72.57,21.812],[72.591,21.83],[72.584,21.837],[72.597,21.85],[72.619,21.906],[72.64,21.912],[72.652,21.947],[72.679,21.955],[72.689,21.941],[72.714,21.936],[72.741,21.954],[72.75,21.973],[72.737,21.983],[72.743,21.988],[72.731,21.988],[72.735,21.957],[72.727,21.952],[72.716,21.953],[72.703,21.971],[72.647,21.965],[72.537,21.896],[72.51,21.922],[72.51,21.959],[72.524,21.967],[72.508,21.976],[72.526,21.977],[72.513,21.985],[72.528,21.994],[72.513,21.998],[72.525,22.003],[72.516,22.013],[72.528,22.011],[72.515,22.029],[72.548,22.148],[72.586,22.205],[72.646,22.216],[72.702,22.184],[72.761,22.174],[72.78,22.201],[72.797,22.198],[72.78,22.211],[72.794,22.231],[72.807,22.226],[72.8,22.236],[72.822,22.239],[72.803,22.242],[72.813,22.252],[72.83,22.25],[72.819,22.257],[72.834,22.257],[72.876,22.23],[72.872,22.237],[72.896,22.244],[72.912,22.265],[72.891,22.267],[72.869,22.285],[72.84,22.282],[72.748,22.231],[72.711,22.242],[72.645,22.284],[72.606,22.285],[72.566,22.305],[72.535,22.29],[72.535,22.305],[72.526,22.304],[72.534,22.286],[72.471,22.252],[72.431,22.205],[72.422,22.213],[72.43,22.239],[72.422,22.233],[72.425,22.221],[72.409,22.21],[72.412,22.257],[72.38,22.337],[72.373,22.339],[72.35,22.311],[72.356,22.285],[72.348,22.294],[72.346,22.283],[72.331,22.288],[72.326,22.308],[72.328,22.288],[72.338,22.282],[72.335,22.265],[72.329,22.272],[72.321,22.267],[72.335,22.262],[72.331,22.248],[72.315,22.232],[72.306,22.247],[72.302,22.238],[72.283,22.245],[72.301,22.232],[72.292,22.216],[72.308,22.147],[72.299,22.103],[72.281,22.093],[72.28,22.075],[72.235,22.012],[72.222,22.02],[72.213,22.007],[72.202,22.021],[72.188,22.014],[72.182,22.022],[72.186,22.011],[72.202,22.016],[72.21,22.003],[72.227,22.01],[72.238,22],[72.247,21.924],[72.212,21.954],[72.19,21.943],[72.163,21.96],[72.188,21.941],[72.211,21.95],[72.227,21.944],[72.25,21.911],[72.258,21.887],[72.25,21.81],[72.238,21.806],[72.215,21.825],[72.215,21.857],[72.215,21.834],[72.203,21.84],[72.209,21.827],[72.197,21.837],[72.192,21.83],[72.188,21.84],[72.166,21.81],[72.194,21.821],[72.201,21.802],[72.215,21.796],[72.22,21.776],[72.238,21.766],[72.229,21.762],[72.24,21.762],[72.225,21.747],[72.243,21.713],[72.238,21.709],[72.252,21.695],[72.281,21.69],[72.284,21.663],[72.303,21.645],[72.306,21.627],[72.268,21.573],[72.266,21.542],[72.236,21.454],[72.129,21.334],[72.11,21.301],[72.089,21.315],[72.113,21.298],[72.104,21.279],[72.094,21.285],[72.105,21.272],[72.084,21.247],[72.111,21.199],[72.018,21.153],[72.009,21.135],[71.987,21.136],[71.977,21.122],[71.942,21.113],[71.898,21.113],[71.883,21.089],[71.822,21.071],[71.794,21.051],[71.8,21.069],[71.782,21.061],[71.778,21.068],[71.782,21.045],[71.802,21.046],[71.808,21.037],[71.777,21.039],[71.774,21.062],[71.765,21.066],[71.765,21.054],[71.754,21.053],[71.755,21.041],[71.743,21.035],[71.775,21.039],[71.783,21.03],[71.766,21.021],[71.722,21.021],[71.68,21.002],[71.68,20.995],[71.662,20.998],[71.629,20.984],[71.632,20.97],[71.567,20.949],[71.535,20.947],[71.557,20.955],[71.582,20.988],[71.54,20.954],[71.514,20.955],[71.492,20.935],[71.499,20.919],[71.484,20.915],[71.5,20.917],[71.482,20.905],[71.48,20.888],[71.442,20.868],[71.402,20.863],[71.392,20.874],[71.365,20.872],[71.384,20.854],[71.324,20.845],[71.231,20.801],[71.208,20.806],[71.204,20.787],[71.16,20.777],[71.151,20.765],[71.146,20.771],[71.128,20.767],[71.124,20.76],[71.147,20.758],[71.091,20.756],[71.087,20.77],[71.086,20.757],[71.076,20.758],[71.083,20.755],[71.075,20.752],[71.078,20.744],[71.066,20.752],[71.083,20.739],[71.073,20.733],[71.047,20.729],[71.013,20.738],[70.99,20.72],[70.972,20.728],[70.998,20.713],[70.981,20.7],[70.924,20.709],[70.915,20.697],[70.898,20.697],[70.874,20.708],[70.878,20.728],[70.87,20.725],[70.875,20.703],[70.843,20.705],[70.835,20.7],[70.839,20.69],[70.822,20.691],[70.789,20.712],[70.748,20.718],[70.701,20.739],[70.67,20.756],[70.678,20.758],[70.674,20.765],[70.653,20.759],[70.666,20.774],[70.659,20.78],[70.637,20.775],[70.634,20.766],[70.616,20.77],[70.45,20.849],[70.412,20.876],[70.425,20.882],[70.422,20.893],[70.409,20.878],[70.363,20.902],[70.347,20.914],[70.353,20.923],[70.342,20.915],[70.314,20.933],[70.262,20.97],[70.241,20.998],[70.228,20.995],[70.156,21.055],[70.136,21.074],[70.151,21.073],[70.144,21.082],[70.134,21.077],[70.092,21.111],[70.003,21.201],[69.777,21.455],[69.811,21.449],[69.805,21.46],[69.787,21.455],[69.776,21.465],[69.775,21.458],[69.612,21.627],[69.573,21.643],[69.445,21.758],[69.455,21.757],[69.449,21.768],[69.437,21.762],[69.391,21.805],[69.374,21.828],[69.382,21.822],[69.381,21.843],[69.396,21.855],[69.384,21.862],[69.372,21.83],[69.355,21.835],[69.26,21.914],[69.201,21.977],[69.21,21.987],[69.198,21.981],[68.976,22.215],[68.967,22.231],[68.975,22.23],[68.957,22.239],[68.957,22.259],[68.935,22.307],[68.942,22.331],[68.958,22.343],[68.96,22.373],[68.977,22.402],[68.989,22.401],[68.98,22.408],[69.012,22.444],[69.068,22.479],[69.083,22.472],[69.075,22.455],[69.042,22.434],[69.046,22.418],[69.035,22.39],[69.043,22.385],[69.051,22.397],[69.063,22.385],[69.079,22.385],[69.101,22.408],[69.129,22.396],[69.161,22.411],[69.164,22.404],[69.175,22.422],[69.192,22.418],[69.185,22.4],[69.199,22.4],[69.2,22.389],[69.168,22.372],[69.181,22.368],[69.168,22.352],[69.175,22.354],[69.175,22.344],[69.162,22.347],[69.168,22.329],[69.157,22.31],[69.177,22.284],[69.227,22.256],[69.283,22.27],[69.291,22.285],[69.32,22.292],[69.336,22.311],[69.331,22.328],[69.414,22.315],[69.452,22.334],[69.457,22.326],[69.48,22.332],[69.497,22.367],[69.524,22.369],[69.525,22.391],[69.515,22.402],[69.521,22.412],[69.507,22.419],[69.51,22.425],[69.529,22.421],[69.551,22.399],[69.545,22.394],[69.557,22.375],[69.545,22.375],[69.561,22.363],[69.552,22.349],[69.575,22.37],[69.59,22.365],[69.591,22.354],[69.571,22.341],[69.569,22.332],[69.579,22.343],[69.574,22.322],[69.581,22.344],[69.594,22.352],[69.596,22.339],[69.605,22.343],[69.604,22.33],[69.61,22.347],[69.613,22.328],[69.61,22.349],[69.622,22.365],[69.651,22.348],[69.668,22.323],[69.66,22.347],[69.646,22.357],[69.655,22.359],[69.664,22.395],[69.699,22.398],[69.698,22.42],[69.709,22.433],[69.703,22.45],[69.728,22.475],[69.74,22.45],[69.73,22.442],[69.744,22.434],[69.74,22.429],[69.751,22.428],[69.761,22.441],[69.787,22.405],[69.808,22.398],[69.832,22.45],[69.867,22.446],[69.898,22.465],[69.915,22.445],[69.917,22.454],[69.921,22.438],[69.908,22.489],[69.93,22.51],[69.961,22.503],[69.955,22.507],[69.965,22.517],[69.952,22.509],[69.946,22.527],[69.982,22.536],[69.986,22.545],[70.002,22.547],[70.004,22.536],[70.007,22.547],[70.028,22.552],[70.018,22.537],[70.026,22.536],[70.033,22.557],[70.042,22.56],[70.065,22.55],[70.066,22.541],[70.072,22.551],[70.088,22.54],[70.088,22.549],[70.118,22.55],[70.12,22.537],[70.107,22.52],[70.12,22.521],[70.132,22.552],[70.141,22.55],[70.144,22.536],[70.146,22.555],[70.174,22.542],[70.178,22.567],[70.192,22.58],[70.205,22.568],[70.216,22.57],[70.206,22.579],[70.212,22.586],[70.2,22.584],[70.198,22.601],[70.215,22.598],[70.208,22.609],[70.259,22.657],[70.255,22.682],[70.263,22.686],[70.269,22.673],[70.284,22.676],[70.269,22.684],[70.27,22.698],[70.284,22.694],[70.265,22.7],[70.272,22.709],[70.26,22.718],[70.295,22.73],[70.318,22.759],[70.32,22.795],[70.351,22.885],[70.377,22.91],[70.417,22.923],[70.411,22.927],[70.428,22.956],[70.448,22.957],[70.44,22.963],[70.448,22.97],[70.431,22.965],[70.434,22.979],[70.396,22.98],[70.403,22.963],[70.39,22.936],[70.352,22.923],[70.287,22.945],[70.235,22.979],[70.231,23.038],[70.219,23.055],[70.221,23.027],[70.214,23.024],[70.233,22.964],[70.206,22.977],[70.228,22.96],[70.224,22.953],[70.196,22.942],[70.148,22.946],[70.12,22.962],[70.132,22.996],[70.107,22.964],[70.13,22.948],[70.114,22.946],[70.137,22.943],[70.14,22.933],[70.1,22.908],[70.071,22.91],[70.067,22.92],[70.011,22.905],[70.004,22.92],[70.007,22.905],[69.965,22.897],[69.945,22.908],[69.956,22.897],[69.93,22.896],[69.898,22.871],[69.89,22.877],[69.895,22.914],[69.891,22.904],[69.885,22.913],[69.891,22.891],[69.875,22.867],[69.839,22.856],[69.832,22.864],[69.829,22.853],[69.799,22.845],[69.784,22.864],[69.778,22.855],[69.79,22.842],[69.782,22.835],[69.75,22.816],[69.744,22.83],[69.742,22.811],[69.729,22.819],[69.743,22.804],[69.744,22.787],[69.734,22.78],[69.714,22.799],[69.731,22.777],[69.726,22.765],[69.714,22.774],[69.717,22.752],[69.705,22.76],[69.717,22.744],[69.683,22.763],[69.711,22.738],[69.666,22.753],[69.664,22.772],[69.661,22.758],[69.652,22.758],[69.661,22.748],[69.617,22.76],[69.603,22.778],[69.613,22.757],[69.577,22.76],[69.561,22.774],[69.569,22.778],[69.552,22.782],[69.569,22.796],[69.547,22.782],[69.494,22.782],[69.471,22.791],[69.496,22.775],[69.452,22.775],[69.382,22.815],[69.352,22.818],[69.372,22.855],[69.358,22.84],[69.353,22.845],[69.362,22.881],[69.349,22.867],[69.358,22.833],[69.35,22.818],[69.303,22.83],[69.324,22.844],[69.276,22.822],[69.23,22.833],[69.225,22.876],[69.227,22.837],[69.196,22.836],[69.193,22.85],[69.17,22.858],[69.175,22.849],[69.121,22.878],[69.142,22.896],[69.124,22.884],[69.116,22.892],[69.108,22.887],[69.08,22.908],[69.082,22.929],[69.069,22.917],[69.076,22.952],[69.064,22.915],[69.009,22.947],[69.014,22.983],[69.007,22.949],[68.991,22.954],[68.969,22.967],[68.982,22.992],[68.962,22.968],[68.814,23.057],[68.816,23.065],[68.809,23.059],[68.757,23.08],[68.632,23.169],[68.632,23.178],[68.658,23.151],[68.713,23.125],[68.721,23.134],[68.683,23.149],[68.661,23.18],[68.644,23.17],[68.638,23.177],[68.648,23.183],[68.617,23.188],[68.579,23.227],[68.598,23.24],[68.619,23.215],[68.63,23.22],[68.618,23.218],[68.604,23.241],[68.631,23.245],[68.648,23.258],[68.658,23.252],[68.65,23.263],[68.662,23.273],[68.634,23.267],[68.628,23.293],[68.679,23.302],[68.66,23.302],[68.662,23.317],[68.656,23.301],[68.636,23.306],[68.626,23.345],[68.621,23.34],[68.608,23.367],[68.619,23.325],[68.576,23.347],[68.576,23.358],[68.564,23.365],[68.569,23.373],[68.589,23.372],[68.597,23.356],[68.599,23.366],[68.582,23.383],[68.586,23.373],[68.564,23.38],[68.559,23.392],[68.574,23.4],[68.559,23.395],[68.538,23.407],[68.522,23.457],[68.522,23.446],[68.498,23.454],[68.493,23.471],[68.509,23.494],[68.485,23.478],[68.449,23.48],[68.45,23.498],[68.485,23.517],[68.484,23.527],[68.47,23.51],[68.454,23.516],[68.449,23.532],[68.469,23.551],[68.44,23.529],[68.45,23.505],[68.425,23.509],[68.428,23.558],[68.461,23.574],[68.445,23.571],[68.453,23.597],[68.467,23.597],[68.47,23.62],[68.492,23.654],[68.548,23.714],[68.63,23.761],[68.667,23.812],[68.675,23.813],[68.68,23.799],[68.682,23.821],[68.765,23.841],[68.79,23.86],[68.798,23.883],[68.811,23.879],[68.79,23.884],[68.787,23.868],[68.772,23.859],[68.762,23.884],[68.77,23.866],[68.749,23.847],[68.717,23.855],[68.716,23.847],[68.691,23.846],[68.68,23.857],[68.659,23.859],[68.68,23.855],[68.679,23.845],[68.659,23.835],[68.64,23.845],[68.633,23.84],[68.647,23.834],[68.64,23.825],[68.582,23.814],[68.532,23.752],[68.515,23.78],[68.521,23.77],[68.514,23.745],[68.466,23.765],[68.464,23.774],[68.46,23.769],[68.477,23.743],[68.434,23.736],[68.453,23.779],[68.446,23.818],[68.427,23.819],[68.422,23.806],[68.434,23.777],[68.399,23.751],[68.418,23.758],[68.42,23.717],[68.395,23.654],[68.4,23.637],[68.384,23.625],[68.375,23.639],[68.37,23.624],[68.392,23.606],[68.386,23.6],[68.364,23.612],[68.375,23.597],[68.35,23.582],[68.293,23.572],[68.266,23.556],[68.26,23.568],[68.272,23.594],[68.278,23.589],[68.29,23.598],[68.274,23.602],[68.272,23.625],[68.254,23.568],[68.209,23.577],[68.172,23.617],[68.191,23.646],[68.212,23.648],[68.195,23.637],[68.202,23.64],[68.2,23.633],[68.217,23.646],[68.235,23.638],[68.241,23.641],[68.228,23.644],[68.262,23.65],[68.284,23.675],[68.302,23.677],[68.293,23.683],[68.314,23.717],[68.327,23.722],[68.332,23.712],[68.339,23.741],[68.35,23.73],[68.336,23.752],[68.32,23.758],[68.327,23.733],[68.298,23.724],[68.285,23.729],[68.295,23.72],[68.271,23.698],[68.259,23.711],[68.262,23.736],[68.255,23.713],[68.269,23.688],[68.246,23.671],[68.227,23.688],[68.231,23.707],[68.216,23.695],[68.19,23.729],[68.215,23.758],[68.207,23.834],[68.231,23.835],[68.246,23.854],[68.261,23.835],[68.267,23.871],[68.258,23.883],[68.267,23.895],[68.291,23.893],[68.279,23.917],[68.335,23.916],[68.351,23.94],[68.346,23.961],[68.357,23.974],[68.365,23.94],[68.38,23.971],[68.753,23.971],[68.765,24.296],[68.808,24.313],[68.831,24.312],[68.847,24.239],[68.857,24.214],[68.866,24.212],[68.88,24.216],[68.907,24.28],[68.945,24.303],[68.985,24.228],[69.003,24.223],[69.095,24.274],[69.194,24.236],[69.313,24.281],[69.381,24.269],[69.444,24.28],[69.494,24.268],[69.594,24.292],[69.732,24.171],[70.025,24.171],[70.067,24.199],[70.11,24.295],[70.254,24.325],[70.327,24.352],[70.369,24.351],[70.412,24.375],[70.561,24.421],[70.603,24.408],[70.58,24.363],[70.562,24.354],[70.585,24.29],[70.571,24.252],[70.644,24.225],[70.714,24.216],[70.805,24.221],[70.852,24.245],[70.907,24.259],[70.875,24.281],[70.874,24.295],[70.947,24.349],[70.986,24.365],[71.003,24.351],[71.042,24.351],[71.084,24.395],[71.12,24.402],[71.126,24.42],[71.103,24.436],[71.037,24.432],[70.999,24.444],[71.005,24.523],[70.987,24.544],[70.986,24.596],[71.009,24.635],[71.075,24.662],[71.096,24.689],[71.066,24.717],[71.027,24.809],[70.938,24.939],[70.888,25.148],[70.752,25.278],[70.737,25.332],[70.665,25.397],[70.679,25.526],[70.667,25.531],[70.674,25.676],[70.66,25.702],[70.647,25.713],[70.609,25.715],[70.53,25.683],[70.387,25.674],[70.269,25.714],[70.247,25.762],[70.222,25.793],[70.174,25.828],[70.1,25.938],[70.083,26.083],[70.141,26.156],[70.175,26.251],[70.164,26.295],[70.185,26.374],[70.174,26.551],[70.117,26.587],[70.056,26.601],[69.886,26.579],[69.823,26.589],[69.792,26.598],[69.722,26.653],[69.51,26.744],[69.484,26.805],[69.513,27.01],[69.587,27.183],[69.645,27.225],[69.703,27.284],[69.863,27.402],[69.934,27.498],[70.026,27.563],[70.133,27.806],[70.227,27.901],[70.296,27.936],[70.372,28.012],[70.506,28.037],[70.589,28.01],[70.677,27.922],[70.684,27.828],[70.74,27.742],[70.759,27.721],[70.872,27.706],[70.963,27.729],[71.206,27.835],[71.383,27.873],[71.666,27.878],[71.898,27.961],[71.927,28.122],[72.004,28.219],[72.132,28.313],[72.207,28.395],[72.299,28.67],[72.39,28.77],[72.733,28.948],[72.946,29.028],[73.004,29.153],[73.084,29.236],[73.282,29.572],[73.397,29.946],[73.597,30.019],[73.807,30.068],[73.973,30.198],[73.956,30.276],[73.931,30.32],[73.88,30.36],[73.964,30.424],[73.974,30.444],[73.927,30.439],[73.937,30.445],[73.928,30.466],[73.935,30.49],[73.948,30.484],[73.95,30.46],[73.964,30.456],[73.964,30.485],[73.982,30.504],[73.993,30.514],[74.02,30.514],[74.012,30.534],[74.031,30.527],[74.039,30.543],[74.057,30.519],[74.072,30.523],[74.091,30.549],[74.073,30.555],[74.102,30.579],[74.096,30.611],[74.105,30.619],[74.118,30.608],[74.127,30.635],[74.149,30.631],[74.193,30.665],[74.232,30.724],[74.261,30.723],[74.268,30.734],[74.287,30.736],[74.261,30.775],[74.302,30.779],[74.307,30.789],[74.295,30.794],[74.32,30.827],[74.32,30.847],[74.348,30.855],[74.363,30.847],[74.365,30.857],[74.382,30.86],[74.361,30.874],[74.366,30.893],[74.397,30.909],[74.423,30.908],[74.424,30.916],[74.41,30.923],[74.424,30.921],[74.429,30.931],[74.414,30.93],[74.416,30.94],[74.439,30.942],[74.442,30.952],[74.466,30.957],[74.457,30.964],[74.48,30.974],[74.506,30.966],[74.546,30.992],[74.542,31.017],[74.568,31.055],[74.59,31.05],[74.597,31.038],[74.671,31.054],[74.696,31.074],[74.691,31.081],[74.702,31.092],[74.689,31.128],[74.667,31.124],[74.659,31.134],[74.636,31.118],[74.631,31.133],[74.602,31.133],[74.597,31.127],[74.611,31.099],[74.601,31.088],[74.589,31.092],[74.571,31.081],[74.551,31.086],[74.548,31.122],[74.51,31.132],[74.51,31.18],[74.52,31.184],[74.526,31.212],[74.517,31.228],[74.533,31.249],[74.521,31.272],[74.542,31.304],[74.526,31.312],[74.549,31.335],[74.552,31.364],[74.583,31.379],[74.601,31.42],[74.619,31.42],[74.622,31.43],[74.643,31.416],[74.655,31.426],[74.639,31.444],[74.652,31.457],[74.628,31.477],[74.637,31.485],[74.622,31.482],[74.61,31.5],[74.575,31.501],[74.587,31.504],[74.58,31.507],[74.584,31.521],[74.613,31.527],[74.619,31.552],[74.607,31.563],[74.616,31.569],[74.592,31.574],[74.575,31.604],[74.555,31.608],[74.54,31.66],[74.529,31.666],[74.535,31.678],[74.487,31.715],[74.504,31.74],[74.559,31.758],[74.551,31.779],[74.567,31.796],[74.558,31.805],[74.573,31.816],[74.572,31.839],[74.607,31.868],[74.607,31.89],[74.636,31.884],[74.667,31.923],[74.719,31.924],[74.72,31.941],[74.756,31.944],[74.755,31.956],[74.768,31.948],[74.806,31.963],[74.819,31.959],[74.831,31.981],[74.829,31.999],[74.853,32.013],[74.848,32.02],[74.88,32.032],[74.869,32.042],[74.879,32.054],[74.905,32.05],[74.934,32.066],[74.974,32.053],[74.972,32.043],[75.003,32.044],[75.012,32.036],[75.022,32.049],[75.041,32.043],[75.069,32.067],[75.084,32.06],[75.091,32.072],[75.105,32.059],[75.123,32.081],[75.158,32.082],[75.174,32.068],[75.198,32.083],[75.203,32.12],[75.216,32.121],[75.218,32.103],[75.235,32.104],[75.229,32.093],[75.24,32.091],[75.279,32.117],[75.285,32.152],[75.299,32.153],[75.322,32.179],[75.31,32.195],[75.316,32.208],[75.331,32.22],[75.372,32.226],[75.371,32.258],[75.381,32.269],[75.372,32.279],[75.344,32.279],[75.35,32.29],[75.321,32.297],[75.338,32.321],[75.322,32.344],[75.299,32.347],[75.29,32.37],[75.258,32.372],[75.257,32.389],[75.245,32.385],[75.213,32.403],[75.209,32.395],[75.193,32.401],[75.202,32.415],[75.192,32.426],[75.133,32.409],[75.128,32.424],[75.134,32.428],[75.102,32.477],[75.085,32.469],[75.027,32.498],[75.016,32.464],[74.992,32.452],[74.966,32.458],[74.952,32.446],[74.939,32.471],[74.918,32.464],[74.876,32.477],[74.885,32.49],[74.877,32.494],[74.868,32.485],[74.82,32.5],[74.813,32.48],[74.727,32.476],[74.712,32.479],[74.71,32.493],[74.692,32.487],[74.681,32.493],[74.69,32.534],[74.662,32.546],[74.661,32.554],[74.673,32.554],[74.673,32.568],[74.652,32.563],[74.648,32.586],[74.659,32.597],[74.642,32.6],[74.638,32.615],[74.654,32.615],[74.655,32.637],[74.67,32.638],[74.695,32.661],[74.666,32.676],[74.654,32.697],[74.664,32.726],[74.654,32.729],[74.705,32.817],[74.705,32.842],[74.666,32.824],[74.653,32.828],[74.633,32.809],[74.659,32.787],[74.632,32.776],[74.638,32.751],[74.617,32.761],[74.58,32.749],[74.566,32.76],[74.547,32.746],[74.543,32.751],[74.514,32.744],[74.511,32.764],[74.464,32.777],[74.445,32.804],[74.44,32.788],[74.411,32.772],[74.372,32.77],[74.349,32.783],[74.341,32.81],[74.083,32.928],[74.053,32.931],[74.001,32.954],[73.926,33.034],[73.878,33.035],[73.816,33.01],[73.776,33.021],[73.73,33.064],[73.653,33.08],[73.634,33.093],[73.625,33.132],[73.67,33.152],[73.67,33.211],[73.627,33.242],[73.604,33.319],[73.608,33.335],[73.589,33.342],[73.576,33.377],[73.602,33.435],[73.63,33.456],[73.612,33.508],[73.634,33.526],[73.628,33.568],[73.572,33.63],[73.577,33.667],[73.596,33.681],[73.601,33.699],[73.599,33.74],[73.567,33.798],[73.595,33.892],[73.544,33.954],[73.535,33.988],[73.519,34],[73.524,34.013],[73.501,34.018],[73.511,34.019],[73.515,34.037],[73.495,34.135],[73.499,34.208],[73.474,34.256],[73.488,34.279],[73.48,34.291],[73.47,34.28],[73.462,34.288],[73.449,34.321],[73.398,34.378],[73.413,34.386],[73.428,34.417],[73.429,34.469],[73.444,34.505],[73.436,34.527],[73.448,34.536],[73.453,34.569],[73.496,34.577],[73.537,34.572],[73.564,34.59],[73.618,34.582],[73.636,34.565],[73.657,34.563],[73.666,34.58],[73.659,34.599],[73.7,34.648],[73.664,34.663],[73.665,34.67],[73.687,34.692],[73.686,34.706],[73.704,34.719],[73.728,34.764],[73.778,34.795],[73.831,34.791],[73.838,34.814],[73.865,34.809],[73.898,34.82],[73.928,34.811],[73.934,34.832],[73.968,34.836],[73.978,34.866],[74.022,34.874],[74.045,34.89],[74.039,34.914],[74.072,34.938],[74.061,34.989],[74.097,35.001],[74.111,35.018],[74.077,35.048],[74.087,35.083],[74.129,35.105],[74.132,35.119],[74.116,35.123],[74.112,35.153],[74.097,35.146],[74.08,35.156],[74.036,35.15],[74.003,35.185],[73.958,35.165],[73.926,35.21],[73.871,35.205],[73.809,35.243],[73.75,35.221],[73.73,35.274],[73.712,35.28],[73.693,35.349],[73.727,35.419],[73.753,35.432],[73.755,35.443],[73.794,35.449],[73.786,35.463],[73.786,35.524],[73.5,35.543],[73.405,35.529],[73.395,35.587],[73.356,35.609],[73.331,35.663],[73.297,35.662],[73.291,35.671],[73.24,35.658],[73.236,35.668],[73.192,35.677],[73.126,35.721],[73.112,35.759],[73.158,35.762],[73.2,35.787],[73.2,35.827],[73.178,35.86],[73.15,35.844],[73.129,35.846],[73.092,35.876],[73.026,35.842],[72.999,35.863],[72.904,35.842],[72.892,35.85],[72.891,35.877],[72.837,35.873],[72.819,35.888],[72.809,35.862],[72.797,35.866],[72.786,35.848],[72.683,35.82],[72.569,35.852],[72.552,35.88],[72.51,35.902],[72.568,36.012],[72.566,36.029],[72.521,36.079],[72.524,36.112],[72.543,36.149],[72.549,36.233],[72.594,36.27],[72.653,36.264],[72.686,36.276],[72.722,36.313],[72.848,36.376],[72.871,36.452],[72.924,36.474],[72.967,36.477],[72.97,36.509],[73.041,36.548],[73.055,36.587],[73.075,36.609],[73.049,36.673],[73.062,36.697],[73.125,36.711],[73.152,36.73],[73.214,36.718],[73.268,36.721],[73.374,36.758],[73.409,36.759],[73.507,36.73],[73.569,36.736],[73.579,36.719],[73.604,36.71],[73.657,36.707],[73.688,36.723],[73.734,36.719],[73.775,36.728],[73.834,36.71],[73.852,36.718],[73.868,36.755],[73.839,36.801],[73.793,36.812],[73.785,36.835],[73.721,36.842],[73.697,36.855],[73.651,36.916],[73.67,36.922],[73.801,36.9],[73.842,36.907],[73.89,36.886],[73.911,36.889],[73.975,36.841],[74.041,36.834],[74.085,36.852],[74.13,36.857],[74.151,36.918],[74.243,36.905],[74.277,36.915],[74.358,36.975],[74.406,36.989],[74.424,37.007],[74.522,37.006],[74.537,36.977],[74.548,36.968],[74.563,36.971],[74.576,37.004],[74.573,37.039],[74.623,37.059],[74.631,37.075],[74.689,37.096],[74.704,37.098],[74.72,37.052],[74.735,37.038],[74.781,37.034],[74.791,37.038],[74.794,37.057],[74.841,37.066],[74.843,37.024],[74.87,36.998],[74.902,36.941],[74.939,36.948],[74.923,36.983],[74.937,36.992],[74.997,37.001],[75.033,37.026],[75.064,37.013],[75.131,37.021],[75.146,37.034],[75.171,37.023],[75.169,36.999],[75.241,36.972],[75.282,36.983],[75.418,36.959],[75.419,36.945],[75.394,36.928],[75.398,36.909],[75.423,36.896],[75.433,36.876],[75.426,36.784],[75.46,36.73],[75.478,36.73],[75.504,36.749],[75.515,36.734],[75.534,36.734],[75.54,36.78],[75.586,36.772],[75.633,36.78],[75.736,36.753],[75.847,36.686],[75.941,36.606],[75.936,36.576],[75.969,36.522],[75.998,36.501],[76.028,36.44],[76.149,36.425],[76.239,36.32],[76.319,36.33],[76.389,36.31],[76.429,36.24],[76.469,36.22],[76.568,36.19],[76.669,36.19],[76.719,36.16],[76.759,36.11],[76.779,36.04],[76.779,35.91],[76.839,35.86],[77.009,35.82],[77.069,35.78],[77.09,35.74],[77.209,35.71],[77.349,35.72],[77.421,35.64],[77.469,35.652],[77.509,35.58],[77.519,35.486]]],[[[93.846,7.245],[93.863,7.237],[93.863,7.211],[93.894,7.204],[93.888,7.175],[93.895,7.121],[93.903,7.117],[93.897,7.088],[93.916,7.075],[93.926,7.028],[93.939,7.028],[93.963,7.003],[93.955,6.994],[93.94,7.011],[93.929,6.996],[93.941,6.985],[93.942,6.969],[93.957,6.959],[93.926,6.942],[93.925,6.909],[93.91,6.905],[93.915,6.884],[93.906,6.847],[93.925,6.837],[93.915,6.81],[93.895,6.795],[93.88,6.817],[93.868,6.815],[93.853,6.757],[93.842,6.753],[93.822,6.762],[93.828,6.818],[93.817,6.815],[93.803,6.835],[93.81,6.852],[93.794,6.861],[93.79,6.877],[93.802,6.884],[93.783,6.893],[93.774,6.92],[93.763,6.908],[93.758,6.948],[93.752,6.96],[93.743,6.957],[93.73,6.995],[93.712,6.998],[93.7,7.022],[93.67,7.017],[93.676,7.037],[93.662,7.104],[93.675,7.116],[93.662,7.117],[93.66,7.128],[93.686,7.156],[93.68,7.179],[93.687,7.187],[93.735,7.189],[93.757,7.202],[93.762,7.215],[93.81,7.206],[93.812,7.237],[93.846,7.245]]],[[[93.736,7.423],[93.739,7.401],[93.771,7.385],[93.775,7.365],[93.766,7.363],[93.739,7.31],[93.703,7.295],[93.686,7.264],[93.664,7.248],[93.647,7.265],[93.651,7.3],[93.638,7.308],[93.651,7.322],[93.648,7.372],[93.663,7.367],[93.709,7.391],[93.723,7.389],[93.721,7.445],[93.736,7.423]]],[[[93.378,8.021],[93.404,8.006],[93.4,7.968],[93.412,7.957],[93.427,7.965],[93.455,7.932],[93.468,7.89],[93.459,7.87],[93.448,7.871],[93.427,7.9],[93.396,7.895],[93.377,7.878],[93.34,7.889],[93.344,7.922],[93.359,7.935],[93.352,7.932],[93.35,7.942],[93.328,7.919],[93.319,7.924],[93.31,7.955],[93.32,7.972],[93.32,7.994],[93.335,8.009],[93.357,8.005],[93.378,8.021]]],[[[93.567,8.026],[93.593,7.988],[93.59,7.926],[93.519,7.983],[93.522,7.998],[93.531,7.994],[93.541,8.005],[93.544,8.023],[93.562,7.996],[93.557,8.024],[93.567,8.026]]],[[[93.598,8.113],[93.594,8.096],[93.602,8.092],[93.614,8.05],[93.607,8.038],[93.585,8.066],[93.592,8.079],[93.573,8.119],[93.588,8.13],[93.598,8.113]]],[[[93.537,8.236],[93.558,8.221],[93.55,8.181],[93.525,8.175],[93.509,8.151],[93.557,8.089],[93.561,8.037],[93.543,8.046],[93.537,8.032],[93.521,8.031],[93.52,8],[93.512,7.998],[93.5,8.012],[93.496,8.042],[93.52,8.039],[93.521,8.066],[93.525,8.048],[93.549,8.066],[93.535,8.068],[93.545,8.079],[93.527,8.084],[93.525,8.073],[93.497,8.052],[93.49,8.086],[93.501,8.091],[93.483,8.097],[93.48,8.121],[93.471,8.125],[93.477,8.142],[93.465,8.15],[93.463,8.167],[93.467,8.182],[93.499,8.202],[93.505,8.228],[93.537,8.236]]],[[[93.255,8.234],[93.255,8.22],[93.244,8.218],[93.227,8.235],[93.225,8.256],[93.243,8.264],[93.255,8.234]]],[[[73.061,8.278],[73.047,8.263],[73.026,8.265],[73.018,8.277],[73.023,8.27],[73.047,8.274],[73.08,8.323],[73.061,8.278]]],[[[93.131,8.355],[93.149,8.345],[93.134,8.273],[93.159,8.243],[93.21,8.217],[93.202,8.196],[93.166,8.202],[93.124,8.226],[93.095,8.265],[93.088,8.294],[93.1,8.334],[93.109,8.349],[93.131,8.355]]],[[[93.079,8.429],[93.06,8.441],[93.067,8.461],[93.08,8.453],[93.079,8.429]]],[[[93.628,8.529],[93.644,8.518],[93.645,8.462],[93.63,8.454],[93.628,8.417],[93.623,8.449],[93.63,8.509],[93.617,8.541],[93.623,8.569],[93.628,8.529]]],[[[92.78,9.247],[92.819,9.214],[92.83,9.142],[92.804,9.118],[92.783,9.117],[92.773,9.126],[92.739,9.12],[92.721,9.142],[92.72,9.211],[92.764,9.215],[92.773,9.251],[92.78,9.247]]],[[[72.282,10.032],[72.276,10.041],[72.285,10.046],[72.282,10.032]]],[[[73.649,10.071],[73.647,10.055],[73.635,10.069],[73.652,10.096],[73.649,10.071]]],[[[72.61,10.559],[72.583,10.542],[72.609,10.578],[72.619,10.571],[72.61,10.559]]],[[[73.676,10.816],[73.702,10.812],[73.666,10.803],[73.66,10.815],[73.676,10.816]]],[[[72.2,10.881],[72.195,10.852],[72.179,10.841],[72.176,10.871],[72.2,10.881]]],[[[92.549,10.88],[92.545,10.865],[92.557,10.86],[92.555,10.88],[92.589,10.853],[92.595,10.79],[92.566,10.796],[92.588,10.788],[92.601,10.767],[92.595,10.783],[92.604,10.784],[92.622,10.762],[92.62,10.67],[92.595,10.657],[92.592,10.635],[92.564,10.624],[92.548,10.592],[92.578,10.568],[92.541,10.528],[92.54,10.514],[92.524,10.507],[92.485,10.511],[92.438,10.545],[92.387,10.527],[92.384,10.537],[92.411,10.588],[92.416,10.629],[92.404,10.65],[92.386,10.657],[92.385,10.791],[92.397,10.803],[92.408,10.789],[92.434,10.825],[92.462,10.842],[92.467,10.86],[92.503,10.889],[92.513,10.888],[92.512,10.867],[92.522,10.87],[92.516,10.888],[92.525,10.897],[92.541,10.895],[92.549,10.88]]],[[[72.721,11.113],[72.719,11.127],[72.733,11.136],[72.721,11.113]]],[[[72.779,11.191],[72.79,11.239],[72.816,11.265],[72.779,11.191]]],[[[92.701,11.235],[92.701,11.277],[92.714,11.286],[92.717,11.259],[92.701,11.235]]],[[[92.725,11.306],[92.716,11.299],[92.708,11.306],[92.717,11.305],[92.732,11.329],[92.735,11.314],[92.725,11.306]]],[[[92.661,11.494],[92.688,11.466],[92.695,11.422],[92.655,11.405],[92.674,11.4],[92.674,11.39],[92.699,11.387],[92.7,11.365],[92.676,11.359],[92.672,11.348],[92.657,11.354],[92.645,11.343],[92.611,11.34],[92.589,11.365],[92.6,11.377],[92.597,11.397],[92.63,11.4],[92.63,11.434],[92.62,11.45],[92.624,11.488],[92.641,11.511],[92.661,11.494]]],[[[92.566,11.534],[92.575,11.511],[92.559,11.521],[92.555,11.533],[92.566,11.534]]],[[[92.621,11.553],[92.629,11.551],[92.618,11.526],[92.609,11.549],[92.621,11.553]]],[[[92.604,11.536],[92.597,11.529],[92.59,11.543],[92.598,11.574],[92.604,11.536]]],[[[92.619,11.583],[92.622,11.56],[92.608,11.563],[92.607,11.584],[92.619,11.583]]],[[[92.233,11.587],[92.273,11.585],[92.281,11.575],[92.288,11.532],[92.274,11.514],[92.225,11.527],[92.224,11.571],[92.211,11.583],[92.233,11.587]]],[[[92.548,11.605],[92.557,11.589],[92.58,11.583],[92.564,11.557],[92.548,11.559],[92.539,11.55],[92.539,11.597],[92.548,11.605]]],[[[72.194,11.591],[72.184,11.605],[72.194,11.606],[72.194,11.591]]],[[[93.024,11.848],[93.046,11.838],[93.072,11.843],[93.082,11.833],[93.068,11.81],[93.055,11.81],[93.02,11.829],[93.024,11.848]]],[[[92.766,11.967],[92.778,11.948],[92.746,11.947],[92.75,11.96],[92.766,11.967]]],[[[92.975,12.033],[92.981,12.029],[92.991,12.04],[93.016,12.018],[93.015,12.002],[93.049,11.943],[93.061,11.901],[93.048,11.88],[93.031,11.887],[93.004,11.934],[93.008,11.945],[93.033,11.931],[93.01,11.949],[93.02,11.958],[93.01,11.975],[93.002,11.978],[93.016,11.958],[93.007,11.949],[92.995,11.971],[93.002,11.95],[92.99,11.943],[92.965,11.981],[92.93,11.993],[92.953,12.008],[92.971,12.048],[92.975,12.033]]],[[[93.006,12.103],[93.009,12.062],[92.997,12.045],[92.978,12.056],[92.969,12.078],[92.979,12.087],[92.968,12.094],[92.971,12.105],[93.006,12.103]]],[[[92.975,12.147],[93.003,12.137],[92.995,12.112],[92.968,12.118],[92.962,12.142],[92.975,12.147]]],[[[93.032,12.147],[93.033,12.141],[93.022,12.141],[93.039,12.132],[93.04,12.102],[93.059,12.069],[93.052,12.045],[93.014,12.08],[93.008,12.132],[93.013,12.148],[93.032,12.163],[93.032,12.147]]],[[[93.079,12.209],[93.096,12.192],[93.092,12.149],[93.102,12.144],[93.092,12.127],[93.096,12.097],[93.081,12.082],[93.056,12.109],[93.062,12.117],[93.045,12.126],[93.055,12.176],[93.073,12.211],[93.079,12.209]]],[[[92.942,12.192],[92.93,12.214],[92.943,12.223],[92.95,12.215],[92.942,12.192]]],[[[92.71,12.227],[92.72,12.189],[92.707,12.163],[92.742,12.181],[92.764,12.172],[92.753,12.114],[92.74,12.099],[92.747,12.055],[92.712,12.049],[92.733,12.045],[92.75,12.052],[92.748,12.062],[92.772,12.045],[92.798,12.051],[92.771,12.02],[92.76,12.032],[92.743,12.03],[92.745,12.014],[92.757,12.016],[92.762,12.004],[92.773,12.012],[92.773,12],[92.752,11.995],[92.766,11.987],[92.762,11.977],[92.733,11.977],[92.744,11.964],[92.724,11.958],[92.734,11.949],[92.723,11.923],[92.733,11.929],[92.739,11.893],[92.752,11.93],[92.79,11.935],[92.8,11.897],[92.79,11.888],[92.799,11.883],[92.795,11.846],[92.781,11.811],[92.775,11.745],[92.763,11.728],[92.763,11.697],[92.751,11.705],[92.748,11.683],[92.746,11.692],[92.732,11.69],[92.725,11.7],[92.721,11.691],[92.709,11.701],[92.698,11.692],[92.714,11.693],[92.718,11.666],[92.696,11.658],[92.693,11.646],[92.672,11.647],[92.68,11.621],[92.69,11.632],[92.695,11.617],[92.698,11.623],[92.703,11.616],[92.705,11.647],[92.722,11.639],[92.721,11.648],[92.739,11.653],[92.725,11.66],[92.729,11.677],[92.741,11.667],[92.756,11.67],[92.763,11.658],[92.763,11.639],[92.741,11.632],[92.759,11.634],[92.762,11.608],[92.719,11.473],[92.71,11.499],[92.683,11.506],[92.676,11.499],[92.656,11.515],[92.657,11.549],[92.65,11.553],[92.656,11.567],[92.642,11.575],[92.626,11.557],[92.615,11.614],[92.632,11.612],[92.635,11.62],[92.643,11.613],[92.65,11.63],[92.643,11.627],[92.64,11.638],[92.635,11.625],[92.613,11.634],[92.6,11.667],[92.607,11.682],[92.601,11.703],[92.613,11.702],[92.607,11.712],[92.602,11.707],[92.596,11.72],[92.581,11.712],[92.581,11.695],[92.572,11.692],[92.561,11.722],[92.559,11.807],[92.549,11.813],[92.557,11.843],[92.552,11.826],[92.547,11.836],[92.533,11.822],[92.521,11.843],[92.534,11.889],[92.547,11.9],[92.542,11.908],[92.562,11.918],[92.572,11.94],[92.591,11.919],[92.594,11.884],[92.601,11.9],[92.611,11.893],[92.615,11.847],[92.627,11.987],[92.62,12.012],[92.633,12.041],[92.629,12.102],[92.669,12.209],[92.676,12.209],[92.681,12.174],[92.682,12.214],[92.687,12.222],[92.695,12.212],[92.703,12.24],[92.71,12.227]]],[[[92.74,12.206],[92.752,12.219],[92.75,12.234],[92.772,12.222],[92.775,12.182],[92.754,12.178],[92.743,12.192],[92.731,12.19],[92.73,12.23],[92.741,12.24],[92.74,12.206]]],[[[92.915,12.243],[92.923,12.216],[92.912,12.229],[92.898,12.23],[92.887,12.206],[92.878,12.231],[92.883,12.242],[92.894,12.239],[92.908,12.251],[92.915,12.243]]],[[[93.114,12.238],[93.111,12.204],[93.096,12.226],[93.069,12.229],[93.087,12.259],[93.095,12.237],[93.113,12.259],[93.114,12.238]]],[[[93.861,12.281],[93.876,12.263],[93.853,12.247],[93.845,12.267],[93.861,12.281]]],[[[92.717,12.295],[92.736,12.292],[92.723,12.227],[92.714,12.242],[92.717,12.295]]],[[[92.95,12.277],[92.933,12.23],[92.927,12.266],[92.908,12.267],[92.911,12.286],[92.923,12.289],[92.938,12.276],[92.946,12.308],[92.943,12.287],[92.95,12.277]]],[[[92.827,12.303],[92.877,12.301],[92.882,12.284],[92.895,12.283],[92.898,12.255],[92.87,12.239],[92.889,12.193],[92.851,12.195],[92.857,12.183],[92.862,12.188],[92.865,12.164],[92.855,12.154],[92.832,12.167],[92.823,12.16],[92.833,12.147],[92.819,12.126],[92.81,12.127],[92.82,12.105],[92.792,12.099],[92.81,12.089],[92.773,12.059],[92.749,12.078],[92.746,12.094],[92.778,12.183],[92.775,12.205],[92.786,12.237],[92.769,12.227],[92.75,12.247],[92.761,12.269],[92.774,12.256],[92.786,12.277],[92.786,12.299],[92.775,12.297],[92.781,12.308],[92.827,12.303]]],[[[92.876,12.405],[92.904,12.397],[92.892,12.37],[92.887,12.384],[92.872,12.377],[92.853,12.4],[92.876,12.405]]],[[[92.97,12.412],[92.953,12.397],[92.942,12.354],[92.927,12.36],[92.94,12.413],[92.953,12.419],[92.957,12.412],[92.967,12.433],[92.97,12.412]]],[[[92.725,12.825],[92.725,12.768],[92.737,12.753],[92.736,12.74],[92.727,12.747],[92.732,12.715],[92.72,12.719],[92.721,12.751],[92.704,12.792],[92.716,12.824],[92.725,12.825]]],[[[92.74,12.861],[92.722,12.829],[92.717,12.839],[92.727,12.86],[92.74,12.861]]],[[[92.91,12.911],[92.93,12.909],[92.914,12.882],[92.937,12.884],[92.937,12.86],[92.95,12.853],[92.947,12.836],[92.957,12.836],[92.964,12.791],[92.941,12.773],[92.959,12.767],[92.956,12.76],[92.978,12.737],[92.974,12.721],[92.991,12.708],[92.975,12.702],[92.968,12.622],[92.949,12.616],[92.968,12.612],[92.99,12.535],[92.979,12.488],[92.968,12.479],[92.958,12.494],[92.955,12.481],[92.941,12.477],[92.943,12.465],[92.932,12.464],[92.953,12.462],[92.963,12.471],[92.97,12.465],[92.93,12.437],[92.933,12.422],[92.922,12.402],[92.898,12.441],[92.91,12.457],[92.892,12.442],[92.85,12.47],[92.907,12.419],[92.888,12.41],[92.878,12.424],[92.858,12.42],[92.811,12.436],[92.81,12.457],[92.809,12.433],[92.84,12.423],[92.851,12.401],[92.843,12.398],[92.859,12.386],[92.866,12.362],[92.9,12.346],[92.902,12.335],[92.875,12.332],[92.895,12.33],[92.897,12.321],[92.835,12.302],[92.816,12.314],[92.8,12.306],[92.781,12.315],[92.77,12.297],[92.768,12.305],[92.765,12.295],[92.747,12.296],[92.744,12.306],[92.737,12.3],[92.719,12.307],[92.706,12.327],[92.715,12.452],[92.71,12.47],[92.718,12.492],[92.701,12.518],[92.716,12.557],[92.715,12.597],[92.695,12.602],[92.694,12.612],[92.719,12.614],[92.724,12.643],[92.732,12.623],[92.745,12.638],[92.743,12.655],[92.759,12.667],[92.784,12.666],[92.792,12.633],[92.796,12.701],[92.78,12.671],[92.743,12.669],[92.738,12.697],[92.749,12.697],[92.752,12.722],[92.732,12.78],[92.743,12.792],[92.732,12.793],[92.73,12.822],[92.743,12.83],[92.749,12.809],[92.749,12.832],[92.753,12.821],[92.761,12.842],[92.771,12.835],[92.778,12.842],[92.788,12.825],[92.803,12.888],[92.857,12.891],[92.856,12.877],[92.869,12.875],[92.885,12.892],[92.904,12.895],[92.905,12.922],[92.91,12.911]]],[[[92.711,12.986],[92.725,12.977],[92.721,12.942],[92.734,12.889],[92.73,12.877],[92.721,12.877],[92.73,12.867],[92.707,12.831],[92.685,12.823],[92.697,12.807],[92.685,12.801],[92.677,12.779],[92.668,12.787],[92.675,12.806],[92.658,12.857],[92.678,12.882],[92.677,12.924],[92.685,12.94],[92.676,12.943],[92.677,12.963],[92.698,12.99],[92.711,12.986]]],[[[93.017,12.988],[92.993,12.962],[92.991,12.927],[92.981,12.937],[92.962,12.935],[92.982,12.943],[92.965,12.958],[92.975,12.962],[92.963,12.973],[92.972,12.986],[92.987,12.967],[92.995,12.99],[93.017,12.994],[93.017,12.988]]],[[[92.935,13.025],[92.95,13.021],[92.951,12.994],[92.929,12.999],[92.935,13.025]]],[[[92.719,13.098],[92.735,13.09],[92.717,13.061],[92.698,13.085],[92.702,13.106],[92.719,13.098]]],[[[94.295,13.445],[94.303,13.447],[94.305,13.433],[94.291,13.412],[94.277,13.427],[94.287,13.447],[94.295,13.445]]],[[[93.049,13.546],[93.05,13.479],[93.041,13.46],[93.029,13.457],[93.041,13.452],[93.042,13.431],[93.015,13.427],[93.021,13.42],[93.04,13.424],[93.053,13.402],[93.07,13.413],[93.068,13.395],[93.08,13.399],[93.06,13.376],[93.096,13.328],[93.072,13.305],[93.068,13.325],[93.048,13.318],[93.052,13.35],[93.043,13.34],[93.012,13.348],[92.997,13.325],[92.974,13.36],[92.963,13.342],[92.973,13.323],[93.006,13.309],[92.994,13.297],[92.997,13.288],[93.006,13.284],[93.001,13.292],[93.018,13.316],[93.016,13.298],[93.028,13.292],[93.021,13.273],[93.055,13.274],[93.054,13.255],[93.073,13.263],[93.044,13.186],[93.046,13.082],[93.034,13.069],[93.041,13.057],[93.015,13.024],[93.006,13.034],[92.994,13.021],[92.977,13.031],[92.982,13.011],[92.97,13.007],[92.944,13.035],[92.954,13.063],[92.945,13.058],[92.942,13.076],[92.95,13.096],[92.938,13.078],[92.94,13.05],[92.897,13.089],[92.92,13.057],[92.895,13.038],[92.887,13.041],[92.896,13.034],[92.908,13.048],[92.921,13.042],[92.911,13.019],[92.914,12.997],[92.925,12.985],[92.939,12.987],[92.947,12.967],[92.937,12.952],[92.929,12.959],[92.915,12.945],[92.915,12.979],[92.906,12.991],[92.89,12.969],[92.888,12.937],[92.874,12.93],[92.865,12.938],[92.869,12.907],[92.883,12.905],[92.877,12.881],[92.861,12.88],[92.857,12.895],[92.843,12.889],[92.812,12.896],[92.798,12.957],[92.807,12.967],[92.8,12.974],[92.808,12.99],[92.827,12.983],[92.837,13.009],[92.807,13.003],[92.795,13.013],[92.807,13.028],[92.799,13.088],[92.809,13.086],[92.812,13.071],[92.822,13.072],[92.814,13.076],[92.814,13.093],[92.823,13.1],[92.827,13.091],[92.833,13.112],[92.823,13.11],[92.817,13.123],[92.833,13.132],[92.85,13.12],[92.845,13.132],[92.857,13.135],[92.827,13.139],[92.817,13.152],[92.822,13.17],[92.841,13.167],[92.826,13.178],[92.84,13.214],[92.83,13.214],[92.835,13.233],[92.847,13.241],[92.862,13.236],[92.861,13.253],[92.847,13.252],[92.83,13.267],[92.832,13.287],[92.844,13.281],[92.85,13.297],[92.83,13.308],[92.848,13.372],[92.858,13.372],[92.86,13.358],[92.863,13.374],[92.886,13.386],[92.864,13.382],[92.852,13.388],[92.852,13.4],[92.857,13.409],[92.886,13.403],[92.878,13.418],[92.894,13.429],[92.882,13.438],[92.879,13.467],[92.907,13.476],[92.91,13.496],[92.938,13.494],[92.932,13.505],[92.919,13.504],[92.941,13.521],[92.926,13.521],[92.929,13.532],[92.977,13.54],[92.997,13.528],[92.999,13.566],[93.015,13.561],[93.022,13.541],[93.037,13.575],[93.049,13.546]]],[[[93.029,13.67],[93.04,13.622],[93.023,13.643],[92.996,13.638],[92.99,13.65],[92.994,13.66],[93.019,13.66],[93.029,13.67]]],[[[88.193,21.574],[88.176,21.573],[88.17,21.591],[88.178,21.6],[88.193,21.574]]],[[[88.53,21.56],[88.53,21.55],[88.509,21.547],[88.51,21.558],[88.502,21.55],[88.482,21.559],[88.492,21.596],[88.532,21.581],[88.53,21.56]]],[[[88.845,21.6],[88.875,21.592],[88.9,21.566],[88.884,21.557],[88.84,21.565],[88.832,21.597],[88.834,21.606],[88.845,21.6]]],[[[88.553,21.631],[88.589,21.612],[88.59,21.602],[88.579,21.58],[88.545,21.569],[88.538,21.587],[88.511,21.605],[88.525,21.623],[88.524,21.652],[88.553,21.631]]],[[[88.308,21.706],[88.33,21.705],[88.345,21.692],[88.343,21.665],[88.353,21.651],[88.342,21.624],[88.317,21.606],[88.307,21.613],[88.316,21.665],[88.3,21.705],[88.308,21.706]]],[[[88.727,21.666],[88.75,21.65],[88.769,21.655],[88.774,21.617],[88.795,21.598],[88.791,21.584],[88.758,21.581],[88.752,21.596],[88.731,21.576],[88.71,21.591],[88.721,21.639],[88.712,21.663],[88.69,21.684],[88.697,21.711],[88.704,21.684],[88.727,21.666]]],[[[88.211,21.67],[88.227,21.668],[88.233,21.642],[88.211,21.62],[88.213,21.595],[88.202,21.607],[88.18,21.689],[88.205,21.724],[88.216,21.699],[88.199,21.693],[88.196,21.682],[88.211,21.67]]],[[[88.559,21.73],[88.57,21.733],[88.603,21.684],[88.587,21.661],[88.603,21.623],[88.596,21.62],[88.554,21.643],[88.544,21.639],[88.528,21.659],[88.534,21.67],[88.518,21.712],[88.541,21.737],[88.559,21.73]]],[[[88.545,21.812],[88.571,21.79],[88.562,21.763],[88.571,21.735],[88.54,21.738],[88.523,21.719],[88.509,21.741],[88.504,21.761],[88.514,21.766],[88.504,21.765],[88.505,21.772],[88.545,21.812]]],[[[88.598,21.847],[88.618,21.829],[88.607,21.815],[88.613,21.799],[88.591,21.798],[88.577,21.816],[88.585,21.846],[88.598,21.847]]],[[[88.169,21.786],[88.172,21.736],[88.155,21.682],[88.128,21.68],[88.157,21.674],[88.159,21.647],[88.149,21.634],[88.11,21.623],[88.087,21.63],[88.091,21.638],[88.073,21.631],[88.052,21.64],[88.039,21.665],[88.06,21.71],[88.052,21.715],[88.076,21.751],[88.08,21.777],[88.09,21.784],[88.089,21.797],[88.125,21.865],[88.139,21.875],[88.174,21.817],[88.169,21.786]]],[[[88.646,21.917],[88.667,21.913],[88.652,21.872],[88.641,21.872],[88.653,21.868],[88.637,21.786],[88.62,21.797],[88.613,21.817],[88.621,21.831],[88.595,21.858],[88.619,21.896],[88.629,21.887],[88.623,21.902],[88.635,21.918],[88.646,21.917]]],[[[88.664,22.019],[88.715,22.001],[88.693,21.97],[88.685,21.975],[88.694,21.965],[88.674,21.952],[88.686,21.953],[88.679,21.944],[88.629,21.959],[88.639,22.004],[88.664,22.019]]],[[[88.07,21.922],[88.049,21.916],[88.05,21.932],[88.08,22.009],[88.143,22.028],[88.07,21.922]]],[[[68.168,23.734],[68.164,23.763],[68.195,23.788],[68.168,23.734]]],[[[68.328,23.933],[68.315,23.936],[68.325,23.94],[68.328,23.933]]]]}}]}